check_group,ASIN,Family,30d Sales,Why Medium,original_title,new_title,title_chars,item_highlights,status,notes,JOVELOVE_VERDICT,proposed title/correction,item highlights
1-CRUISE_PLACEHOLDER,B0GPRCPJXY,Cruise,35.98,"cruise design text could not be isolated, placeholder used","Magnet Me Up Custom Cruise Ship Magnet - Birthday Cake Theme -8"" Inches, Personalized Magnet with Photo, Name & Birthdat","Custom Cruise Door Magnet 8 Inch, Personalized, Made in USA",59,"Cruise ship cabin & stateroom door decoration, add name & text, full color UV printed",MATCHED,,,"Custom Birthday Custom Cruise Door Magnet 8 Inch, Personalized, Made in USA",
1-CRUISE_PLACEHOLDER,B0GPRTFYFK,Cruise,23.99,"cruise design text could not be isolated, placeholder used","Magnet Me Up Custom Cruise Ship Magnet - Birthday Cake Theme -12"" Inches, Personalized Magnet with Photo, Name & Birthda","Custom Cruise Door Magnet 12 Inch, Personalized, Made in USA",60,"Cruise ship cabin & stateroom door decoration, add name & text, full color UV printed",MATCHED,,,"Custom Birthday Custom Cruise Door Magnet 12 Inch, Personalized, Made in USA",
1-CRUISE_PLACEHOLDER,B0GLHYCFSX,Cruise,21.99,"cruise design text could not be isolated, placeholder used","Magnet Me Up Custom Cruise Ship Magnet - Birthday Cake Theme -9x10 Inches, Personalized Magnet with Photo, Name & Birthd","Custom Cruise Door Magnet 9x10 Inch, Personalized, Made in USA",62,"Cruise ship cabin & stateroom door decoration, add name & text, full color UV printed",MATCHED,,,"Custom Birthday Custom Cruise Door Magnet 10 Inch, Personalized, Made in USA",
1-CRUISE_PLACEHOLDER,B0BY3B9FL5,Cruise,8.99,"cruise design text could not be isolated, placeholder used; design name trimmed to fit 75; some original keywords not carried over","Magnet Me Up This Side Up Right Side Up Pineapple with Sunglasses Magnet Decal, 3x6 Inch, Heavy Duty Automotive Magnet f","This Side Up Right Side Up Cruise Door Magnet 3x6 Inch, Personalized",68,"Cruise ship cabin & stateroom door decoration, add name & text, full color UV printed",MATCHED,,,,"Cruise ship cabin & stateroom door decoration, add name & text, full color UV printed, with sunglasses"
1-CRUISE_PLACEHOLDER,B0F1NJWF6B,Cruise,0,"cruise design text could not be isolated, placeholder used; design name trimmed to fit 75; some original keywords not carried over","Magnet Me Up Friends Don't Let Friends Cruise Alone Custom Text Magnetic Decal – 8x10 Inch, Personalized Cruise Door Mag","Friends Don't Let Friends Alone Cruise Door Magnet 8x10 Inch, Personalized",74,"Cruise ship cabin & stateroom door decoration, add name & text, full color UV printed",MATCHED,,ok,,
1-CRUISE_PLACEHOLDER,B0F1NJTH4K,Cruise,0,"cruise design text could not be isolated, placeholder used; design name trimmed to fit 75; some original keywords not carried over","Magnet Me Up Friends Don't Let Friends Cruise Alone Custom Text Magnetic Decal – 6.5x7.5 Inch, Personalized Cruise Door","Friends Don't Let Friends Cruise Door Magnet 6.5x7.5 Inch, Personalized",71,"Cruise ship cabin & stateroom door decoration, add name & text, full color UV printed",MATCHED,,ok,,
1-CRUISE_PLACEHOLDER,B0GN4J3D81,Cruise,0,"cruise design text could not be isolated, placeholder used","Magnet Me Up Cruise Door Magnets 2026 - Tropical Pineapple Club Cabin Decorations- 10 Inch, Personalized with Name, Magn","Custom Cruise Door Magnet 10 Inch, Personalized, Made in USA",60,"Cruise ship cabin & stateroom door decoration, add name & text, full color UV printed",MATCHED,,,"Custom Cruise Door Magnet 10 Inch, Personalized, Tropical Pineapple Club","Cruise ship cabin & stateroom door decoration, add name & text, full color UV printed, Made in USA"
1-CRUISE_PLACEHOLDER,B0GN5BDL46,Cruise,0,"cruise design text could not be isolated, placeholder used","Magnet Me Up Cruise Door Magnets 2026 - Tropical Pineapple Club Cabin Decorations- 8 Inch, Personalized with Name, Magne","Tropical Pineapple Custom Cruise Door Magnet 8 Inch, Personalized",65,"Cruise ship cabin & stateroom door decoration, add name & text, full color UV printed",MATCHED,,,"Custom Cruise Door Magnet 8 Inch, Personalized, Tropical Pineapple Club","Cruise ship cabin & stateroom door decoration, add name & text, full color UV printed, Made in USA"
1-CRUISE_PLACEHOLDER,B0GHS1JF73,Cruise,0,"cruise design text could not be isolated, placeholder used","Magnet Me Up Cruise Door Magnets 2026 - Tropical Pineapple Club Cabin Decorations- 6 Inch, Personalized with Name, Magne","Custom Cruise Door Magnet 6 Inch, Personalized, Made in USA",59,"Cruise ship cabin & stateroom door decoration, add name & text, full color UV printed",MATCHED,,,"Custom Cruise Door Magnet 6 Inch, Personalized, Tropical Pineapple Club","Cruise ship cabin & stateroom door decoration, add name & text, full color UV printed, Made in USA"
1-CRUISE_PLACEHOLDER,B0GN3TLM47,Cruise,0,"cruise design text could not be isolated, placeholder used","Magnet Me Up Cruise Door Magnets 2026 - Tropical Pineapple Club Cabin Decorations- 12 Inch, Personalized with Name, Magn","Tropical Pineapple Custom Cruise Door Magnet 12 Inch, Personalized",66,"Cruise ship cabin & stateroom door decoration, add name & text, full color UV printed",MATCHED,,,"Custom Cruise Door Magnet 12 Inch, Personalized, Tropical Pineapple Club","Cruise ship cabin & stateroom door decoration, add name & text, full color UV printed, Made in USA"
1-CRUISE_PLACEHOLDER,B0BY393FRY,Cruise,0,"cruise design text could not be isolated, placeholder used; design name trimmed to fit 75","Magnet Me Up Combo 2 Pk This Side Up Right Side Up and Upside Down Pineapple with Sunglasses Magnet Decal, 3x6 Inch, Aut","Combo This Side Up Right Cruise Door Magnet 3x6 Inch 2 Pack, Personalized",73,"Cruise ship cabin & stateroom door decoration, add name & text, full color UV printed",MATCHED,,,,"Cruise ship cabin & stateroom door decoration, add name & text, full color UV printed, with sunglasses"
1-CRUISE_PLACEHOLDER,B0BY3B9TDM,Cruise,0,"cruise design text could not be isolated, placeholder used; design name trimmed to fit 75","Magnet Me Up Combo 2 Pk This Side Up Right Side Up and Upside Down Pineapple with Sunglasses Magnet Decal, 4x6 Inch, Aut","Combo This Side Up Right Cruise Door Magnet 4x6 Inch 2 Pack, Personalized",73,"Cruise ship cabin & stateroom door decoration, add name & text, full color UV printed",MATCHED,,,,"Cruise ship cabin & stateroom door decoration, add name & text, full color UV printed, with sunglasses"
1-CRUISE_PLACEHOLDER,B0BY3DK6PB,Cruise,0,"cruise design text could not be isolated, placeholder used; design name trimmed to fit 75; some original keywords not carried over","Magnet Me Up This Side Up Upside Down Pineapple with Sunglasses Magnet Decal, 3x6 Inch, Heavy Duty Automotive Magnet for","This Side Up Upside Down Cruise Door Magnet 3x6 Inch, Personalized",66,"Cruise ship cabin & stateroom door decoration, add name & text, full color UV printed",MATCHED,,,,"Cruise ship cabin & stateroom door decoration, add name & text, full color UV printed, with sunglasses"
1-CRUISE_PLACEHOLDER,B0BY3C9JDG,Cruise,0,"cruise design text could not be isolated, placeholder used; design name trimmed to fit 75; some original keywords not carried over","Magnet Me Up This Side Up Upside Down Pineapple with Sunglasses Magnet Decal, 4x8 Inch, Automotive Magnet for Car, Truck","This Side Up Upside Down Cruise Door Magnet 4x8 Inch, Personalized",66,"Cruise ship cabin & stateroom door decoration, add name & text, full color UV printed",MATCHED,,,,"Cruise ship cabin & stateroom door decoration, add name & text, full color UV printed, with sunglasses"
1-CRUISE_PLACEHOLDER,B0BY3FYQQC,Cruise,0,"cruise design text could not be isolated, placeholder used; design name trimmed to fit 75; some original keywords not carried over","Magnet Me Up This Side Up Right Side Up Pineapple with Sunglasses Magnet Decal, 4x8 Inch, Automotive Magnet for Car, Tru","This Side Up Right Side Up Cruise Door Magnet 4x8 Inch, Personalized",68,"Cruise ship cabin & stateroom door decoration, add name & text, full color UV printed",MATCHED,,,,"Cruise ship cabin & stateroom door decoration, add name & text, full color UV printed, with sunglasses"
1-CRUISE_PLACEHOLDER,B0GPRLBPFX,Cruise,0,"cruise design text could not be isolated, placeholder used","Magnet Me Up Custom Cruise Ship Magnet - Birthday Cake Theme -5"" Inches, Personalized Magnet with Photo, Name & Birthdat","Custom Cruise Door Magnet 5 Inch, Personalized, Made in USA",59,"Cruise ship cabin & stateroom door decoration, add name & text, full color UV printed",MATCHED,,,"Custom Birthday Custom Cruise Door Magnet 8 Inch, Personalized, Made in USA",
1-CRUISE_PLACEHOLDER,B0GPRLLKBL,Cruise,0,"cruise design text could not be isolated, placeholder used","Magnet Me Up Custom Cruise Ship Magnet - Birthday Cake Theme -6"" Inches, Personalized Magnet with Photo, Name & Birthdat","Custom Birthday Custom Cruise Door Magnet 6 Inch, Personalized, Made in USA",75,"Cruise ship cabin & stateroom door decoration, add name & text, full color UV printed",MATCHED,,,"Custom Birthday Custom Cruise Door Magnet 8 Inch, Personalized, Made in USA",
2-TOP25_BY_SALES,B0DNKPPW1Q,Custom Vehicle,2507.5,no size detected in original title,Custom Car Magnet Signs – 30 Mil Magnetic Vehicle Signs – Upload Your Logo & Text – Weatherproof Business Magnets for Ca,"Custom Die Cut Car Magnet 30 Mil, Upload Logo, Made in USA",58,"Personalized magnetic business sign for vehicles & trucks, add your text, weatherproof",MATCHED,,ok,,
2-TOP25_BY_SALES,B0CPYK1VGF,General Magnet,1099.96,"generic family: design name auto-extracted, not from a keyword-validated template","Magnet Me Up Customizable 5 Inch Round Magnet Pack, 100 Piece, Custom Magnet for Businesses, Personal Use, Choose Your T","Customizable Round Magnet 5 Inch 100 pc, Made in USA",52,"Heavy duty magnet, full color UV printed, made to order, upload image, add text",MATCHED,,,,"Heavy duty magnet, full color UV printed, made to order, image or logo, text"
2-TOP25_BY_SALES,B0CPYL2R1D,General Magnet,1076.74,"generic family: design name auto-extracted, not from a keyword-validated template","Magnet Me Up Customizable 5 Inch Round Magnet Pack, 50 Piece, Custom Magnet for Businesses, Personal Use, Choose Your Te","Customizable Round Magnet 5 Inch 50 pc, Made in USA",51,"Heavy duty magnet, full color UV printed, made to order",MATCHED,,,,"Heavy duty magnet, full color UV printed, made to order, image or logo, text"
2-TOP25_BY_SALES,B0D9MDF94J,General Magnet,999.98,"generic family: design name auto-extracted, not from a keyword-validated template","Magnet Me Up Customizable 5 Inch Round Magnet Pack, 250 Pack, Custom Magnet for Businesses, Personal Use, Choose Your Te","Customizable Round Magnet 5 Inch 250 Pack, Made in USA",54,"Heavy duty magnet, full color UV printed, made to order",MATCHED,,,,"Heavy duty magnet, full color UV printed, made to order, image or logo, text"
2-TOP25_BY_SALES,B0DB8W448N,General Magnet,893.97,"generic family: design name auto-extracted, not from a keyword-validated template","Magnet Me Up 6 Inch Round Car Magnet -100 Pack, Upload Your Image, Logo or Text - Made in USA, Full Color, 30 Mil Heavy-","Round Car Magnet 6 Inch 100 Pack, Made in USA",45,"Heavy duty magnetic decal for car, truck, SUV, fridge or any magnetic surface",MATCHED,,,"Customizable Round Magnet 6 Inch 100 Pack, Made in USA","Heavy duty magnet, full color UV printed, made to order, image or logo, text"
2-TOP25_BY_SALES,B0H12WLCJZ,General Magnet,881.99,"generic family: design name auto-extracted, not from a keyword-validated template","Magnet Me Up Customizable 5"" Round Magnet Pack, 500 Pack, Custom Magnet for Businesses, Personal Use, Choose Your Text,","Customizable Round Magnet 5 Inch 500 Pack, Made in USA",54,"Heavy duty magnet, full color UV printed, made to order",MATCHED,,,,"Heavy duty magnet, full color UV printed, made to order, image or logo, text"
2-TOP25_BY_SALES,B01HGZX8PK,Flag-US,786.12,no size detected in original title,"Magnet Me Up American Flag Paw Print Shape Magnet Decal - Patriotic Auto Accessory for Cars or Trucks - Red, White, and","American Flag Car Magnet, Red White & Blue",42,"Heavy duty magnetic decal for car, truck, SUV, mailbox or any magnetic surface, patriotic gift",MATCHED,,,"American Flag Pawprint Car Magnet, Red White & Blue",
2-TOP25_BY_SALES,B0CPYJTR7L,General Magnet,777.34,"generic family: design name auto-extracted, not from a keyword-validated template","Magnet Me Up Customizable 5 Inch Round Magnet Pack, 25 Pack, Custom Magnet for Businesses, Personal Use, Choose Your Tex","Customizable Round Magnet 5 Inch 25 Pack, Made in USA",53,"Heavy duty magnet, full color UV printed, made to order",MATCHED,,,,"Heavy duty magnet, full color UV printed, made to order, image or logo, text"
2-TOP25_BY_SALES,B0BLHZL16L,General Magnet,776.64,"generic family: design name auto-extracted, not from a keyword-validated template","Magnet Me Up Elderly Driver Please Be Patient Magnet Decal, 3x8 Inches, Heavy Duty Automotive Magnet for Car Truck SUV O",Elderly Driver Please Be Patient Car Magnet 3x8 Inch,52,"Heavy duty magnetic decal for car, truck, SUV, fridge or any magnetic surface, Made in USA",MATCHED,,,,"Heavy duty magnetic decal for car, truck, SUV, fridge or any magnetic surface, Made in USA"
2-TOP25_BY_SALES,B07C598SXV,General Magnet,657.82,"generic family: design name auto-extracted, not from a keyword-validated template","Magnet Me Up: Coexist Symbol Decal - 3x8 Inches, Heavy-Duty Automotive Magnet for Car, Truck, SUV - Promote Peace Harmon",Coexist Symbol Car Magnet 3x8 Inch,34,"Heavy duty magnetic decal for car, truck, SUV, fridge or any magnetic surface",MATCHED,,,,"Heavy duty magnetic decal for car, truck, SUV, fridge or any magnetic surface, Made in USA"
2-TOP25_BY_SALES,B07LHKFP2G,General Magnet,609.78,"generic family: design name auto-extracted, not from a keyword-validated template","Magnet Me Up Healing Adhesive Bandage Symbol Decal - 3x8 Inches, 2 Pack, Heavy-Duty Automotive Magnets for Car, Truck, S","Healing Adhesive Bandage Symbol Car Magnet 3x8 Inch 2 Pack, Made in USA",71,"Heavy duty magnetic decal for car, truck, SUV, fridge or any magnetic surface",MATCHED,,,,"Heavy duty magnetic decal for car, truck, SUV, fridge or any magnetic surface, Made in USA"
2-TOP25_BY_SALES,B0CBL2R5WZ,General Magnet,573.31,"generic family: design name auto-extracted, not from a keyword-validated template","Magnet Me Up 6 Inch Round Car Magnet - Upload Your Image, Logo or Text - Made in USA, Full Color, 30 Mil Heavy-Duty, Wea","Round Car Magnet 6 Inch, Made in USA",36,"Heavy duty magnetic decal for car, truck, SUV, fridge or any magnetic surface",MATCHED,,,"Customizable Round Magnet 6 Inch, Made in USA","Heavy duty magnet, full color UV printed, made to order, image or logo, text"
2-TOP25_BY_SALES,B0CZPCC8B8,General Magnet,539.88,"generic family: design name auto-extracted, not from a keyword-validated template","Magnet Me Up 6 Inch Round Car Magnet -5 Pack, Upload Your Image, Logo or Text - Made in USA, Full Color, 30 Mil Heavy-Du","Round Car Magnet 6 Inch 5 Pack, Made in USA",43,"Heavy duty magnetic decal for car, truck, SUV, fridge or any magnetic surface",MATCHED,,,"Customizable Round Magnet 6 Inch 5 Pack, Made in USA","Heavy duty magnet, full color UV printed, made to order, image or logo, text"
2-TOP25_BY_SALES,B0CXF9TFCK,General Magnet,534.58,"generic family: design name auto-extracted, not from a keyword-validated template","Magnet Me Up Customizable 4x6 Inch Oval Magnet Pack, 100 Piece, Custom Magnet for Businesses, Personal Use, Choose Your","Customizable Oval Magnet 4x6 Inch 100 pc, Made in USA",53,"Heavy duty magnet, full color UV printed, made to order",MATCHED,,,,"Heavy duty magnet, full color UV printed, made to order, image or logo, text"
2-TOP25_BY_SALES,B072FKY9B3,General Magnet,531.66,"generic family: design name auto-extracted, not from a keyword-validated template","Magnet Me Up: 13.1 Half Marathon Black Oval Magnet Decal - 4x6 Inches, Heavy-Duty for Car, Truck, SUV - Runner's Pride C","13.1 Half Marathon Black Oval Car Magnet 4x6 Inch, Made in USA",62,"Heavy duty magnetic decal for car, truck, SUV, fridge or any magnetic surface",MATCHED,,ok,,
2-TOP25_BY_SALES,B0FSTGVRYR,General Magnet,508.83,"generic family: design name auto-extracted, not from a keyword-validated template; some original keywords not carried over","Magnet Me Up Hilarious Car Magnet - Don’t Honk at Me My Dad is Dead 8x3 Inch Dark Humor Gag Gift, Removable Funny Bumper","Hilarious Car Magnet 8x3 Inch, Funny Gift, Made in USA",54,"Heavy duty magnetic decal for car, truck, SUV, fridge or any magnetic surface",MATCHED,,,Don’t Honk at Me My Dad is Dead 8x3 Inch Dark Humor Gag Gift Magnet,"Heavy duty magnetic decal for car, truck, SUV, fridge or any magnetic surface, Made in USA"
2-TOP25_BY_SALES,B071VW9RGR,General Magnet,501.03,"generic family: design name auto-extracted, not from a keyword-validated template","Magnet Me Up: 26.2 Marathon Black Oval Magnet Decal - 4x6 Inches, Automotive Magnet for Car, Truck, SUV - Runner's Pride","26.2 Marathon Black Oval Car Magnet 4x6 Inch, Made in USA",57,"Heavy duty magnetic decal for car, truck, SUV, fridge or any magnetic surface",MATCHED,,ok,,
2-TOP25_BY_SALES,B075GWQ8S2,General Magnet,495.91,"generic family: design name auto-extracted, not from a keyword-validated template","Magnet Me Up Adhesive Bandage Symbol Decal - 3x8 Inches, Heavy-Duty Automotive Magnet for Car, Truck, SUV, Any Magnetic","Adhesive Bandage Symbol Car Magnet 3x8 Inch, Made in USA",56,"Heavy duty magnetic decal for car, truck, SUV, fridge or any magnetic surface",MATCHED,,ok,,
2-TOP25_BY_SALES,B076HZBQ47,Dog/Paw,481.44,design name trimmed to fit 75,"Magnet Me Up: My Dog is Smarter Than The President Pawprint Magnet Decal - 5 Inch, Heavy-Duty Automotive Magnet for Car,","My Dog is Smarter Than The President Car Magnet 5 Inch, Dog Lover Gift",70,"Heavy duty magnetic decal for car, truck, SUV or fridge, full color UV printed",MATCHED,,,,"Heavy duty magnetic decal for car, truck, SUV or fridge, full color UV printed, Made in USA"
2-TOP25_BY_SALES,B0CZ7NRVCX,General Magnet,439.09,"generic family: design name auto-extracted, not from a keyword-validated template","Magnet Me Up Custom 5 Inch Round Magnet, 5 Pack, Customizable Magnet for Businesses, Personal Use, Choose Your Text, Upl","Custom Round Car Magnet 5 Inch 5 Pack, Made in USA",50,"Heavy duty magnetic decal for car, truck, SUV, fridge or any magnetic surface",MATCHED,,,,"Heavy duty magnet, full color UV printed, made to order, image or logo, text"
2-TOP25_BY_SALES,B0G6G3LTY5,General Magnet,434,"generic family: design name auto-extracted, not from a keyword-validated template; some original keywords not carried over","Magnet Me Up I Choose Violence Frog 5"" Round Car Magnet - Funny Magnetic Decal for Cars, Trucks & SUV Full-Color UV Prin","I Choose Violence Frog Round Locker Magnet 5 Inch, Funny Gift, Made in USA",74,"Heavy duty magnet, full color UV printed, made to order",MATCHED,,ok,,
2-TOP25_BY_SALES,B09T53542R,General Magnet,399.88,"generic family: design name auto-extracted, not from a keyword-validated template","Magnet Me Up Ouch Band Aid Magnet Decal, 3x8 Inches Heavy Duty Automotive Magnet for Car Truck SUV",Ouch Band Aid Car Magnet 3x8 Inch,33,"Heavy duty magnetic decal for car, truck, SUV, fridge or any magnetic surface",MATCHED,,,,"Heavy duty magnetic decal for car, truck, SUV, fridge or any magnetic surface, Made in USA"
2-TOP25_BY_SALES,B0B3NHJ25D,General Magnet,386.02,"generic family: design name auto-extracted, not from a keyword-validated template","Magnet Me Up Ice Cream On Board Car Magnet Decal, 5x5 Inches, Heavy Duty Automotive Magnet for Car Truck SUV",Ice Cream On Board Car Magnet 5x5 Inch,38,"Heavy duty magnetic decal for car, truck, SUV, fridge or any magnetic surface",MATCHED,,,,"Heavy duty magnetic decal for car, truck, SUV, fridge or any magnetic surface, Made in USA"
2-TOP25_BY_SALES,B0G2N1KJTL,General Magnet,384.84,"generic family: design name auto-extracted, not from a keyword-validated template","Magnet Me Up Please Be Patient Driver Is Blind - 3x8 Inches Funny Car Magnet UV Full-Colors Printed for Gifts, Weatherpr","Please Be Patient Driver Is Blind Car Magnet 3x8 Inch, Funny Gift, USA Made",75,"Heavy duty magnetic decal for car, truck, SUV, fridge or any magnetic surface",MATCHED,,ok,,
2-TOP25_BY_SALES,B083C4ZNXK,General Magnet,361.87,"generic family: design name auto-extracted, not from a keyword-validated template","Magnet Me Up Just Married Magnet Decal, 3x8 Inches Heavy Duty Automotive Magnet for Car Truck SUV",Just Married Car Magnet 3x8 Inch,32,"Heavy duty magnetic decal for car, truck, SUV, fridge or any magnetic surface",MATCHED,,,,"Heavy duty magnetic decal for car, truck, SUV, fridge or any magnetic surface, Made in USA"
3-RANDOM_SAMPLE_GENERAL,B0BGT4QJZ5,General Magnet,235.11,"generic family: design name auto-extracted, not from a keyword-validated template","Magnet Me Up: Support Breast Cancer Awareness Pink Ribbon Magnet Decal - 2 Pack, 3.5x7 Inches, Heavy-Duty Automotive Mag",Support Breast Cancer Awareness Pink Ribbon Car Magnet 3.5x7 Inch 2 Pack,72,"Heavy duty magnetic decal for car, truck, SUV, fridge or any magnetic surface",MATCHED,,,,"Heavy duty magnetic decal for car, truck, SUV, fridge or any magnetic surface, Made in USA"
3-RANDOM_SAMPLE_GENERAL,B076PVFRK4,General Magnet,97.89,"generic family: design name auto-extracted, not from a keyword-validated template","Magnet Me Up: Breast Cancer Survivor Pink Ribbon Magnet Decal - 3.5x7 Inches, Heavy-Duty Automotive Magnet for Car, Truc",Breast Cancer Survivor Pink Ribbon Car Magnet 3.5x7 Inch,56,"Heavy duty magnetic decal for car, truck, SUV, fridge or any magnetic surface",MATCHED,,,,"Heavy duty magnetic decal for car, truck, SUV, fridge or any magnetic surface, Made in USA"
3-RANDOM_SAMPLE_GENERAL,B07JCFCJJF,General Magnet,90.61,"generic family: design name auto-extracted, not from a keyword-validated template","Magnet Me Up: 13.1 Half Marathon Black Oval Magnet Decal - 4x6 Inches - 2 Pack - Heavy-Duty Automotive Magnets for Car,",13.1 Half Marathon Black Oval Car Magnet 4x6 Inch 2 Pack,56,"Heavy duty magnetic decal for car, truck, SUV, fridge or any magnetic surface",MATCHED,,,,"Heavy duty magnetic decal for car, truck, SUV, fridge or any magnetic surface, Made in USA"
3-RANDOM_SAMPLE_GENERAL,B0F94K3RNC,General Magnet,83.69,"generic family: design name auto-extracted, not from a keyword-validated template; design name trimmed to fit 75","Magnet Me Up Magnetic Vent Cover 13x6 Inch Fits 12x5.5 Vents, 3 Pack, Strong Magnetic Register Cover for Floor, Wall & C",Magnetic Vent Cover 13x6 Inch Fits 12x5.5 Locker Magnet 13x6 Inch 3 Pack,72,"Heavy duty magnet, full color UV printed, made to order",MATCHED,,,"Magnetic Vent Cover 13x6 Inch Fits 12x5.5 Vents, 3 Pack","Strong Magnetic Register Cover for Floor, Wall & Ceiling Vents, Reusable HVAC Air Blocker, Cut-to-Fit Trim to Size, Made in USA"
3-RANDOM_SAMPLE_GENERAL,B09QRLMJHZ,General Magnet,78.9,"generic family: design name auto-extracted, not from a keyword-validated template","Magnet Me Up Head and Neck Cancer Awareness Burgundy and Ivory Ribbon Magnet Decal, 3.5x7 Inches, Heavy Duty Automotive",Head and Neck Cancer Burgundy and Ivory Ribbon Car Magnet 3.5x7 in,66,"Heavy duty magnetic decal for car, truck, SUV, fridge or any magnetic surface",MATCHED,,,"Head and Neck Cancer Awareness Ribbon Magnet Decal, 3.5x7 Inches","Heavy-duty magnetic decal for car, truck, SUV, fridge or any magnetic surface, Burgundy and Ivory, made in USA"
3-RANDOM_SAMPLE_GENERAL,B0GY5L15ZV,General Magnet,62.93,"generic family: design name auto-extracted, not from a keyword-validated template; some original keywords not carried over","Magnet Me Up My Other Car is A Broom 3x8 Inches Car Magnet - Funny Halloween Witch Magnetic Decals for Cars, Trucks and","My Other Car is A Broom Car Magnet 3x8 Inch, Funny Gift, Made in USA",68,"Heavy duty magnetic decal for car, truck, SUV, fridge or any magnetic surface",MATCHED,,,,"Heavy duty magnetic decal for car, truck, SUV, fridge or any magnetic surface, halloween themed, made in USA"
3-RANDOM_SAMPLE_GENERAL,B0FK7FPB78,General Magnet,26.97,"generic family: design name auto-extracted, not from a keyword-validated template; some original keywords not carried over","Magnet Me Up Mississippi State Magnet, 2.8x4.9 Inches, Full-Color UV Printed Vinyl, Collectible US Shape Travel Gift, Du","Mississippi State Car Magnet 2.8x4.9 Inch, Made in USA",54,"Heavy duty magnetic decal for car, truck, SUV, fridge or any magnetic surface",MATCHED,,,,"Heavy-duty magnetic decal for car, truck, SUV, fridge or any magnetic surface, collectible US State shape, travel gift"
3-RANDOM_SAMPLE_GENERAL,B0D5BSSP74,General Magnet,26.97,"generic family: design name auto-extracted, not from a keyword-validated template","Magnet Me Up Pennsylvania Liberty Bell State Oval Magnet Decal, 4x6 inch, Automotive Magnet for Car, Great Souvenir Gift","Pennsylvania Liberty Bell State Oval Car Magnet 4x6 Inch, Made in USA",69,"Heavy duty magnetic decal for car, truck, SUV, fridge or any magnetic surface",MATCHED,,,,"Heavy-duty magnetic decal for car, truck, SUV, fridge or any magnetic surface, souvenir gift"
3-RANDOM_SAMPLE_GENERAL,B0CZ4LD67D,General Magnet,26.97,"generic family: design name auto-extracted, not from a keyword-validated template","Magnet Me Up Nebraska Chimney Rock State Scenic Oval Magnet Decal, 4x6 inch, Automotive Magnet for Car, Great Gift or So","Nebraska Chimney Rock State Scenic Oval Car Magnet 4x6 Inch, Made in USA",72,"Heavy duty magnetic decal for car, truck, SUV, fridge or any magnetic surface",MATCHED,,,,"Heavy-duty magnetic decal for car, truck, SUV, fridge or any magnetic surface, souvenir gift"
3-RANDOM_SAMPLE_GENERAL,B0FJS7L8PQ,General Magnet,26.97,"generic family: design name auto-extracted, not from a keyword-validated template; some original keywords not carried over","Magnet Me Up Ephesus Ruins Magnet Decal, 5"" Round Full-Color Automotive Magnet Featuring Ancient Roman Architecture in T","Ephesus Ruins Car Magnet 5 Inch, Made in USA",44,"Heavy duty magnetic decal for car, truck, SUV, fridge or any magnetic surface",MATCHED,,,"Ephesus Ruins Car Magnet 5 Inch Round, Made in USA","Heavy-duty magnetic decal for car, truck, SUV, fridge or any magnetic surface, souvenir gift"
3-RANDOM_SAMPLE_GENERAL,B0BZJVDCBR,General Magnet,23.97,"generic family: design name auto-extracted, not from a keyword-validated template","Magnet Me Up Canada Canadian Euro Oval Magnet Decal, 4x6 Inches, Heavy Duty for Car, Truck, SUV, Or Any Other Magnetic S",Canada Canadian Euro Oval Car Magnet 4x6 Inch,45,"Heavy duty magnetic decal for car, truck, SUV, fridge or any magnetic surface",MATCHED,,,,"Heavy duty magnetic decal for car, truck, SUV, fridge or any magnetic surface, Made in USA"
3-RANDOM_SAMPLE_GENERAL,B0H6GN65S8,General Magnet,17.98,"generic family: design name auto-extracted, not from a keyword-validated template","Magnet Me Up Ehlers-Danlos Syndrome (EDS) Awareness Car Magnet, 3.5""x7"" Zebra Print Ribbon Magnetic Decal for Cars, Truc","Ehlers-Danlos Syndrome Car Magnet 3.5x7 Inch, Made in USA",57,"Heavy duty magnetic decal for car, truck, SUV, fridge or any magnetic surface",MATCHED,,,"Ehlers-Danlos Syndrome Car Magnet 3.5x7 Inch Ribbon, Made in USA","Heavy-duty magnetic decal for car, truck, SUV, fridge or any magnetic surface, EDS awareness"
3-RANDOM_SAMPLE_GENERAL,B0FGFGPCPB,General Magnet,17.98,"generic family: design name auto-extracted, not from a keyword-validated template; some original keywords not carried over","Magnet Me Up Eiffel Tower Magnet - 5 Inch Round, Paris Souvenir Magnet for Fridge or Office D cor - Full Color UV Printe","Eiffel Tower Magnet 5 Inch, Made in USA",39,"Heavy duty magnet, full color UV printed, made to order",MATCHED,,,"Eiffel Tower Magnet 5 Inch Round, Made in USA","Heavy-duty magnetic decal for car, truck, SUV, fridge or any magnetic surface, souvenir gift"
3-RANDOM_SAMPLE_GENERAL,B0H2JHLL7W,General Magnet,10.99,"generic family: design name auto-extracted, not from a keyword-validated template; design name trimmed to fit 75","Magnet Me Up Support Leukemia and Kidney Cancer Survivor Orange Ribbon Magnet Decal 3.5x7 Inches, 2 Pack Automotive Magn",Leukemia and Kidney Cancer Survivor Orange Car Magnet 3.5x7 Inch 2 Pack,71,"Heavy duty magnetic decal for car, truck, SUV, fridge or any magnetic surface",MATCHED,,,,"Heavy-duty magnetic ribbon, truck, SUV, fridge, or any magnetic surface, made in USA"
3-RANDOM_SAMPLE_GENERAL,B0H4NKVP7F,General Magnet,10.99,"generic family: design name auto-extracted, not from a keyword-validated template","Magnet Me Up Breast Cancer Awareness Pink Mandala Survivor Ribbon Magnet Decal, 3.5x7 Inches, 2 Pack Automotive Magnet f",Breast Cancer Pink Mandala Survivor Ribbon Car Magnet 3.5x7 in 2 Pack,69,"Heavy duty magnetic decal for car, truck, SUV, fridge or any magnetic surface",MATCHED,,,,"Heavy duty magnetic decal for car, truck, SUV, fridge or any magnetic surface, made in USA"
3-RANDOM_SAMPLE_GENERAL,B0GYQ7S6DV,General Magnet,8.99,"generic family: design name auto-extracted, not from a keyword-validated template; some original keywords not carried over","Magnet Me Up Trauma Nurse Car Magnet - 5"" x 5"" Heart Shaped Magnetic Decal for Cars and Lockers, Ideal Accessory Gift fo","Trauma Nurse Locker Magnet 5x5 Inch, Heart, Made in USA",48,"Heavy duty magnet, full color UV printed, made to order",MATCHED,,,,"Heavy-duty magnet, full-color UV printed, Accessory Gift for Health Workers"
3-RANDOM_SAMPLE_GENERAL,B0FXHQ4NJB,General Magnet,8.99,"generic family: design name auto-extracted, not from a keyword-validated template; some original keywords not carried over","Magnet Me Up I'd Rather Be Watching Paranormal Television, Party Favors Magnetic Decal, 3x8 Inches, Halloween Car Magnet","I'd Rather Be Watching Paranormal Television Car Magnet 3x8 Inch, USA Made",74,"Heavy duty magnetic decal for car, truck, SUV, fridge or any magnetic surface",MATCHED,,ok,,
3-RANDOM_SAMPLE_GENERAL,B0FHSNN964,General Magnet,8.99,"generic family: design name auto-extracted, not from a keyword-validated template; some original keywords not carried over","Magnet Me Up Oklahoma State Magnet 6x4 Inches, Collectible US State Shape Fridge Magnet, Durable Full-Color UV Vinyl, Tr","Oklahoma State Fridge Magnet 6x4 Inch, Made in USA",50,"Heavy duty magnet, full color UV printed, made to order",MATCHED,,,,"Heavy-duty magnetic decal for car, truck, SUV, fridge or any magnetic surface, collectible US State shape, travel gift"
3-RANDOM_SAMPLE_GENERAL,B0DW19FQLX,General Magnet,8.99,"generic family: design name auto-extracted, not from a keyword-validated template","Magnet Me Up I Love My Chicken Car Magnet Decal, Farm Animal, 4x6 Inches, Funny Magnet, Chicken Car Decal, Car Accessori","I Love My Chicken Car Magnet 4x6 Inch, Funny Gift, Made in USA",62,"Heavy duty magnetic decal for car, truck, SUV, fridge or any magnetic surface",MATCHED,,,"I Love My Chicken Car Magnet 4x6 Inch Oval, Funny Gift, Made in USA","Heavy duty magnetic decal for car, truck, SUV, fridge or any magnetic surface, made in USA"
3-RANDOM_SAMPLE_GENERAL,B07236TYZF,General Magnet,8.99,"generic family: design name auto-extracted, not from a keyword-validated template","Magnet Me Up 10K Marathon Inverted Black Oval Magnet Decal, 4x6 Inches, Heavy Duty Automotive Magnet for Car Truck SUV",10K Marathon Inverted Black Oval Car Magnet 4x6 Inch,52,"Heavy duty magnetic decal for car, truck, SUV, fridge or any magnetic surface",MATCHED,,,"10K Marathon Inverted Black Oval Car Magnet 4x6 Inch, Made in USA","Heavy-duty magnetic decal for car, truck, SUV, fridge or any magnetic surface, runners gift"
3-RANDOM_SAMPLE_GENERAL,B0FHXSKLSM,General Magnet,8.99,"generic family: design name auto-extracted, not from a keyword-validated template","Magnet Me Up Forbidden City Magnet Decal 5"" Round, Imperial Beijing Landmark Souvenir, Automotive Magnet for Car, Truck,","Forbidden City Car Magnet 5 Inch, Made in USA",45,"Heavy duty magnetic decal for car, truck, SUV, fridge or any magnetic surface",MATCHED,,,"Forbidden City Car Magnet 5 Inch Round, Made in USA","Heavy-duty magnetic decal for car, truck, SUV, fridge or any magnetic surface, souvenir gift"
3-RANDOM_SAMPLE_GENERAL,B0FHRNDZSY,General Magnet,7.99,"generic family: design name auto-extracted, not from a keyword-validated template","Magnet Me Up Back Hair Waxing Club Magnet 5"" Funny Car Magnet for Adults Monthly Unlimited Membership Gag Hilarious Magn","Back Hair Waxing Club Car Magnet 5 Inch, Funny Gift, Made in USA",64,"Heavy duty magnetic decal for car, truck, SUV, fridge or any magnetic surface",MATCHED,,,"Back Hair Waxing Club Car Magnet 5 Inch Round, Funny Gift, Made in USA",
3-RANDOM_SAMPLE_GENERAL,B0G976CHBP,General Magnet,0,"generic family: design name auto-extracted, not from a keyword-validated template; design name trimmed to fit 75","Magnet Me Up Just Pass Me This is As Fast As It Gets Funny Hamster Car Magnet - 3x8 Inch Magnetic Decal for Cars, Trucks","Just Pass Me This is As Fast As It Gets Car Magnet 3x8 Inch, Funny Gift",71,"Heavy duty magnetic decal for car, truck, SUV, fridge or any magnetic surface",MATCHED,,,,"Heavy-duty magnetic decal, truck, SUV, fridge, or any magnetic surface, made in USA"
3-RANDOM_SAMPLE_GENERAL,B0F8RCHHM7,General Magnet,0,"generic family: design name auto-extracted, not from a keyword-validated template; some original keywords not carried over","Magnet Me Up Alabama State Magnet - Full-Color Vinyl State Magnetic Decal, Die-Cut Shape, 6x4 Inches, Collectible Souven","Alabama State Fridge Magnet 6x4 Inch, Made in USA",49,"Heavy duty magnet, full color UV printed, made to order",MATCHED,,,,"Heavy-duty magnetic decal for car, truck, SUV, fridge or any magnetic surface, collectible US State shape, travel gift"
3-RANDOM_SAMPLE_GENERAL,B0H2JVKF1W,General Magnet,0,"generic family: design name auto-extracted, not from a keyword-validated template","Magnet Me Up Custom Football Helmet Magnet, 9""x10"", Personalized Football Player Name, Number, and Logo, Custom Team Hel","Custom Football Helmet Magnet 9x10 Inch, Made in USA",52,"Heavy duty magnet, full color UV printed, made to order",MATCHED,,,,"Heavy-duty magnet, full-color UV printed, made to order -  personalized with player name, number, and logo"
3-RANDOM_SAMPLE_GENERAL,B0FK7FNJ2G,General Magnet,0,"generic family: design name auto-extracted, not from a keyword-validated template; some original keywords not carried over","Magnet Me Up New York State Magnet - 3.7x5 Inch, Collectible US State-Shaped Fridge Magnet, Full-Color UV Printed Vinyl","New York State Fridge Magnet 3.7x5 Inch, Made in USA",52,"Heavy duty magnet, full color UV printed, made to order",MATCHED,,,,"Heavy-duty magnetic decal for car, truck, SUV, fridge or any magnetic surface, collectible US State shape, travel gift"
3-RANDOM_SAMPLE_GENERAL,B0CLFMMRXM,General Magnet,0,"generic family: design name auto-extracted, not from a keyword-validated template; design name trimmed to fit 75","13.1 Half Marathon Inverted Black Oval Runner Adhesive Decal Sticker, 2 Pack, 5.5x3.5 Inch, Heavy Duty Adhesion to Car W",13.1 Half Marathon Inverted Black Oval Car Magnet 5.5x3.5 Inch 2 Pack,69,"Heavy duty magnetic decal for car, truck, SUV, fridge or any magnetic surface",MATCHED,,,"13.1 Half Marathon Inverted Black Oval Decal Stickers, 5.5x3.5 Inch 2 Pack","Heavy-duty decal for car, truck, SUV, fridge or any magnetic surface, Made in USA"
3-RANDOM_SAMPLE_GENERAL,B07JCFR7V1,General Magnet,0,"generic family: design name auto-extracted, not from a keyword-validated template; some original keywords not carried over","Magnet Me Up Soccer Mom Sports Oval Car Magnet, Pink Magnetic Decal, 4x6 Inches, 2 Pack, Heavy Duty UV-Printed Vinyl- We","Soccer Mom Sports Oval Locker Magnet 4x6 Inch 2 Pack, Made in USA",65,"Heavy duty magnet, full color UV printed, made to order",MATCHED,,,"Soccer Mom Sports Oval Car Magnet 4x6 Inch 2 Pack, Pink, Made in USA","Heavy-duty magnetic decal, truck, SUV, fridge, or any magnetic surface, made in USA"
3-RANDOM_SAMPLE_GENERAL,B01N34X8D8,General Magnet,0,"generic family: design name auto-extracted, not from a keyword-validated template","Magnet Me Up I Love Nevada, It's Where I Call Home US State Magnet Decal, 3x8 Inches Heavy Duty Automotive Magnet for Ca",I Love Nevada Car Magnet 3x8 Inch,33,"Heavy duty magnetic decal for car, truck, SUV, fridge or any magnetic surface",MATCHED,,,,"Heavy duty magnetic decal for car, truck, SUV, fridge or any magnetic surface, Made in USA"
3-RANDOM_SAMPLE_GENERAL,B0C7J68W1K,General Magnet,0,"generic family: design name auto-extracted, not from a keyword-validated template","Magnet Me Up SUCC It Up Cute Funny Plant Succulent Magnet Decal, 5 inches, Heavy Duty Automotive Magnet for Car Truck SU","SUCC It Up Cute Funny Plant Succulent Car Magnet 5 Inch, Funny Gift",67,"Heavy duty magnetic decal for car, truck, SUV, fridge or any magnetic surface",MATCHED,,,,"Heavy duty magnetic decal for car, truck, SUV, fridge or any magnetic surface, made in USA"
3-RANDOM_SAMPLE_GENERAL,B0FH7NLLHF,General Magnet,0,"generic family: design name auto-extracted, not from a keyword-validated template","Magnet Me Up Sunny Cheeks Nude Beach Volleyball League Magnet - 5"" Round Funny Car Magnet Adult Humor Magnetic Car Decal","Sunny Cheeks Nude Beach Volleyball League Car Magnet 5 Inch, Funny Gift",71,"Heavy duty magnetic decal for car, truck, SUV, fridge or any magnetic surface",MATCHED,,,Sunny Cheeks Nude Beach Volleyball League Car Magnet 5 Inch Round,"Heavy duty magnetic decal for car, truck, SUV, fridge or any magnetic surface, Made in USA"
3-RANDOM_SAMPLE_GENERAL,B0H4WJ7L4P,General Magnet,0,"generic family: design name auto-extracted, not from a keyword-validated template; some original keywords not carried over","Magnet Me Up Bone Cancer Fighter Magnet - Yellow Ribbon Magnetic Decal for Cars - 3.5x7 Inches, 2 Pack Durable UV-Printe","Bone Cancer Fighter Locker Magnet 3.5x7 Inch 2 Pack, Made in USA",64,"Heavy duty magnet, full color UV printed, made to order",MATCHED,,,"Bone Cancer Fighter Car Magnet 3.5x7 Inch 2 Pack, Yellow Ribbon","Heavy duty magnetic decal for car, truck, SUV, fridge or any magnetic surface, Made in USA"
3-RANDOM_SAMPLE_GENERAL,B01N11XF8C,General Magnet,0,"generic family: design name auto-extracted, not from a keyword-validated template","Magnet Me Up I Love New York, It's Where I Call Home US State Magnet Decal, 3x8 Inches Heavy Duty Automotive Magnet for",I Love New York Car Magnet 3x8 Inch,35,"Heavy duty magnetic decal for car, truck, SUV, fridge or any magnetic surface",MATCHED,,,,"Heavy duty magnetic decal for car, truck, SUV, fridge or any magnetic surface, Made in USA"
3-RANDOM_SAMPLE_GENERAL,B0DCGW5K99,General Magnet,0,"generic family: design name auto-extracted, not from a keyword-validated template","Corrected Title: Magnet Me Up Kamala Harris Waltz 2024 Car Magnet 4x6 Inch Oval, Magnetic Decal for Election Support, Ha","Corrected Title: Car Magnet 4x6 Inch, Made in USA",49,"Heavy duty magnetic decal for car, truck, SUV, fridge or any magnetic surface",MATCHED,,,"Kamala Harris Waltz 2024 Car Magnet 4x6 Inch Oval, Election","Heavy duty magnetic decal for car, truck, SUV, fridge or any magnetic surface, political, mad in USA"
3-RANDOM_SAMPLE_GENERAL,B0DGVBZN9T,General Magnet,0,"generic family: design name auto-extracted, not from a keyword-validated template","Magnet Me Up Kamala Harris Waltz 2024 Election Magnetic Decal, for The People, 4x6 Inch, 2 Pack, Harris for President, H",People Kamala Harris Waltz 2024 Election Car Magnet 4x6 Inch 2 Pack,67,"Heavy duty magnetic decal for car, truck, SUV, fridge or any magnetic surface",MATCHED,,,,"for the People, heavy-duty magnetic decal for car, truck, SUV, fridge or any magnetic surface, made in USA"
3-RANDOM_SAMPLE_GENERAL,B076JKYRY2,General Magnet,0,"generic family: design name auto-extracted, not from a keyword-validated template","Magnet Me Up 5K Marathon Black Stencil Oval Magnet Decal, 4x6 Inches, Heavy Duty Automotive Magnet for Car Truck SUV",5K Marathon Black Stencil Oval Car Magnet 4x6 Inch,50,"Heavy duty magnetic decal for car, truck, SUV, fridge or any magnetic surface",MATCHED,,,,"Heavy-duty magnetic decal for car, truck, SUV, fridge or any magnetic surface, runners gift"
3-RANDOM_SAMPLE_GENERAL,B0F257VKSD,General Magnet,0,"generic family: design name auto-extracted, not from a keyword-validated template; some original keywords not carried over","Magnet Me Up Wild Horse Kick Funny Magnetic Decal, 5 Inch Pink Unicorn Twist, UV Printed Vinyl – Durable, Weatherproof S","Wild Horse Kick Funny Car Magnet 5 Inch, Funny Gift, Made in USA",64,"Heavy duty magnetic decal for car, truck, SUV, fridge or any magnetic surface",MATCHED,,,"Wild Horse Kick Funny Car Magnet 5 Inch, Funny Gift, Pink Unicorn","Heavy duty magnetic decal for car, truck, SUV, fridge or any magnetic surface, Made in USA"
3-RANDOM_SAMPLE_GENERAL,B0FZLTZD5R,General Magnet,0,"generic family: design name auto-extracted, not from a keyword-validated template; some original keywords not carried over","Magnet Me Up Trump 2028 Car Magnet, 4x6 Inches, Election 2028 Magnetic Decal, Durable UV Printed Vinyl, Weatherproof, Fu","Trump 2028 Car Magnet 4x6 Inch, Made in USA",43,"Heavy duty magnetic decal for car, truck, SUV, fridge or any magnetic surface",MATCHED,,,"Trump 2028 Election Car Magnet 4x6 Inch, Made in USA","Heavy duty magnetic decal for car, truck, SUV, fridge or any magnetic surface, Made in USA"
3-RANDOM_SAMPLE_GENERAL,B0H76XS1PR,General Magnet,0,"generic family: design name auto-extracted, not from a keyword-validated template","Magnet Me Up Josh Shapiro Democrat Supporter Car Magnet 4""x6"" Brush Stroke Oval Political Campaign Magnetic Decal for Ca","Josh Shapiro Democrat Supporter Car Magnet 4x6 Inch, Made in USA",64,"Heavy duty magnetic decal for car, truck, SUV, fridge or any magnetic surface",MATCHED,,,"Josh Shapiro Democrat Supporter Election Car Magnet 4x6 Inch, Made in USA","Heavy duty magnetic decal for car, truck, SUV, fridge or any magnetic surface, Made in USA"
3-RANDOM_SAMPLE_GENERAL,B0F3W996TR,General Magnet,0,"generic family: design name auto-extracted, not from a keyword-validated template; some original keywords not carried over","Magnet Me Up Hands Off Social Security Magnet - 5 inch Round, UV Printed Political Protest Magnetic Decal for Cars, Lock","Hands Off Social Security Locker Magnet 5 Inch, Made in USA",59,"Heavy duty magnet, full color UV printed, made to order",MATCHED,,,"Hands Off Social Security Car Magnet 5 Inch Round, Made in USA","Heavy duty magnetic decal for car, truck, SUV, fridge or any magnetic surface, Made in USA"
4-EXCLUDED_RULE_VIOLATION,B0F6TQ3PW7,General Magnet,44.95,"generic family: design name auto-extracted, not from a keyword-validated template; some original keywords not carried over","Magnet Me Up - It's Okay Not to be Okay! Mental Health Awareness Magnet - 3.5x7 Inches, Green Ribbon Magnetic Decal, Loc",- It's Okay Not to be Okay! Mental Health Awareness Locker Magnet 3.5x7 in,74,"Heavy duty magnet, full color UV printed, made to order",SKIPPED_VALIDATION,prohibited chars in title: !,,It's Okay Not to be Okay! Mental Health Awareness Ribbon Magnet 3.5x7 in,"Heavy duty magnetic decal for car, truck, SUV, fridge or any magnetic surface, Made in USA"
4-EXCLUDED_RULE_VIOLATION,B0CXYVBXLR,General Magnet,17.98,"generic family: design name auto-extracted, not from a keyword-validated template","Magnet Me Up Duck that! Crazy Cute Duck Magnet Decal, 6x4 Inches, Heavy Duty Automotive for Car, Truck, Refrigerator, Or","Duck that! Crazy Cute Duck Car Magnet 6x4 Inch, Funny Gift, Made in USA",71,"Heavy duty magnetic decal for car, truck, SUV, fridge or any magnetic surface",SKIPPED_VALIDATION,prohibited chars in title: !,,ok,
4-EXCLUDED_RULE_VIOLATION,B0CXYPZK13,General Magnet,11.99,"generic family: design name auto-extracted, not from a keyword-validated template","Magnet Me Up Duck This and Duck That Crazy Cute Duck Magnet Decal, 2 Pack, 5 Inch, Heavy Duty Auto Mag for Car, Truck, R","Duck This and Duck That Crazy Cute Duck Car Magnet 5 in 2 Pack, Funny Gift",74,"Heavy duty magnetic decal for car, truck, SUV, fridge or any magnetic surface",SKIPPED_VALIDATION,word repeated \>2x: duck,,,"Heavy duty magnetic decal for car, truck, SUV, fridge or any magnetic surface, Made in USA"
4-EXCLUDED_RULE_VIOLATION,B0CWSBJY9G,General Magnet,8.99,"generic family: design name auto-extracted, not from a keyword-validated template","Magnet Me Up Back Off! I'm Anxious Magnet Decal, 5 inch Round, Heavy Duty for Car, Truck, SUV, Or Any Other Magnetic Sur","Back Off! I'm Anxious Car Magnet 5 Inch, Funny Gift, Made in USA",64,"Heavy duty magnetic decal for car, truck, SUV, fridge or any magnetic surface",SKIPPED_VALIDATION,prohibited chars in title: !,,ok,
4-EXCLUDED_RULE_VIOLATION,B076JFRYV1,General Magnet,8.99,"generic family: design name auto-extracted, not from a keyword-validated template","Magnet Me Up Skull Boo! Oval Magnet Decal, 4x6 Inches, Heavy Duty Automotive Magnet for Car Truck SUV",Skull Boo! Oval Car Magnet 4x6 Inch,35,"Heavy duty magnetic decal for car, truck, SUV, fridge or any magnetic surface",SKIPPED_VALIDATION,prohibited chars in title: !,,,"Heavy duty magnetic decal for car, truck, SUV, fridge or any magnetic surface, Made in USA"
4-EXCLUDED_RULE_VIOLATION,B0GY5DG36W,General Magnet,0,"generic family: design name auto-extracted, not from a keyword-validated template; some original keywords not carried over","Magnet Me Up My Other Car is Also A Car 3x8 Inches Funny Car Magnet - Humor Accessory Magnetic Decal for Cars, Trucks &","My Other Car is Also A Car Funny Car Magnet 3x8 Inch, Funny Gift, USA Made",74,"Heavy duty magnetic decal for car, truck, SUV, fridge or any magnetic surface",SKIPPED_VALIDATION,word repeated \>2x: car,,ok,
4-EXCLUDED_RULE_VIOLATION,B0GDS9NKD3,General Magnet,0,"generic family: design name auto-extracted, not from a keyword-validated template; some original keywords not carried over","Magnet Me Up Remember When I Asked for Your Opinion? 5x5 Inch Funny Car Magnet Humorous Vehicle, Magnetic Decal for Cars","Remember When I Asked for Your Opinion? Funny Car Magnet 5x5 in, Funny Gift",75,"Heavy duty magnetic decal for car, truck, SUV, fridge or any magnetic surface",SKIPPED_VALIDATION,prohibited chars in title: ?,,,"Heavy duty magnetic decal for car, truck, SUV, fridge or any magnetic surface, Made in USA"
4-EXCLUDED_RULE_VIOLATION,B07BL35Q5M,General Magnet,0,"generic family: design name auto-extracted, not from a keyword-validated template; some original keywords not carried over","Magnet Me Up You are More Awesome Than You Realize! Magnet Decal, 4x4 Inches, Perfect for Refrigerator, Dishwasher or An","You are More Awesome Than You Realize! Dishwasher Magnet 4x4 Inch, USA Made",75,"Heavy duty magnet, full color UV printed, made to order",SKIPPED_VALIDATION,prohibited chars in title: !,,,"Heavy duty magnetic decal for car, truck, SUV, fridge or any magnetic surface"
4-EXCLUDED_RULE_VIOLATION,B07932LRHG,General Magnet,0,"generic family: design name auto-extracted, not from a keyword-validated template","Magnet Me Up I'm Awesome! Just Saying Oval Magnet Decal, 4x6 Inches, Heavy Duty Automotive Magnet for Car Truck",I'm Awesome! Just Saying Oval Car Magnet 4x6 Inch,49,"Heavy duty magnetic decal for car, truck, SUV, fridge or any magnetic surface",SKIPPED_VALIDATION,prohibited chars in title: !,,,"Heavy duty magnetic decal for car, truck, SUV, fridge or any magnetic surface, Made in USA"
4-EXCLUDED_RULE_VIOLATION,B0H4WNZ57F,General Magnet,0,"generic family: design name auto-extracted, not from a keyword-validated template; design name trimmed to fit 75; some original keywords not carried over","Magnet Me Up - It's Okay Not to be Okay! Mental Health Awareness Magnet - 3.5x7 Inches, 2 Pack Green Ribbon Magnetic Dec",- It's Okay Not to be Okay! Mental Health Locker Magnet 3.5x7 Inch 2 Pack,73,"Heavy duty magnet, full color UV printed, made to order",SKIPPED_VALIDATION,prohibited chars in title: !,,It's Okay Not to be Okay! Mental Health Ribbon Magnet 3.5x7 Inch 2 Pack,"Heavy-duty magnet, full-color UV printed, awareness, Made in USA"
4-EXCLUDED_RULE_VIOLATION,B0DMQKV8HY,Photo Magnet,0,no size detected in original title,"Magnet Me Up Custom Photo Strip Frame Magnet Decal, Customizable Photo Booth Picture Frame Fridge (Die Cut)","Custom Photo Magnet, Photo Booth, Add Photo & Text",50,"Personalized picture refrigerator magnet, full color UV printed durable vinyl, keepsake gift",SKIPPED_VALIDATION,word repeated \>2x: photo,,,
4-EXCLUDED_RULE_VIOLATION,B0CZSFHRZX,General Magnet,0,"generic family: design name auto-extracted, not from a keyword-validated template","Kennedy 2024 Robert F. Kennedy, Jr. Democratic Political Party 2024 Adhesive Decal Sticker, 5 Pack, 5.5x3.5 Inch, Heavy","Kennedy 2024 Robert F. Kennedy Car Magnet 5.5x3.5 Inch 5 Pack, Made in USA",74,"Heavy duty magnetic decal for car, truck, SUV, fridge or any magnetic surface",SKIPPED_VALIDATION,word repeated \>2x: 5,,Kennedy 2024 Election Adhesive Decal Stickers 5.5x3.5 Inch 5 Pack,"Heavy-duty decal for car, truck, SUV, fridge or any magnetic surface, made in USA"
4-EXCLUDED_RULE_VIOLATION,B01MS8VAW0,General Magnet,0,"generic family: design name auto-extracted, not from a keyword-validated template","Magnet Me Up Keep America Great! Trump Republican Political Magnet Decal, 3x8 Inches, Heavy Duty Automotive Magnet for C",Keep America ! Trump Republican Political Car Magnet 3x8 Inch,61,"Heavy duty magnetic decal for car, truck, SUV, fridge or any magnetic surface",SKIPPED_VALIDATION,prohibited chars in title: !,,,"Heavy duty magnetic decal for car, truck, SUV, fridge or any magnetic surface, Made in USA"
4-EXCLUDED_RULE_VIOLATION,B0CXYQHNC1,General Magnet,0,"generic family: design name auto-extracted, not from a keyword-validated template","Magnet Me Up Duck This! Crazy Cute Duck Magnet Decal, 6x4 Inches, Heavy Duty Automotive for Car, Truck, Refrigerator, Or","Duck This! Crazy Cute Duck Car Magnet 6x4 Inch, Funny Gift, Made in USA",71,"Heavy duty magnetic decal for car, truck, SUV, fridge or any magnetic surface",SKIPPED_VALIDATION,prohibited chars in title: !,,,"Heavy duty magnetic decal for car, truck, SUV, fridge or any magnetic surface, Made in USA"
4-EXCLUDED_RULE_VIOLATION,B0D47ZLMN9,General Magnet,0,"generic family: design name auto-extracted, not from a keyword-validated template","Magnet Me Up Keep Back! Karen On Board Magnet Decal, No Tailgating, 5x5 Inch, Funny Joke Gag Gift, Vehicle Safety, Autom","Keep Back! Karen On Board Car Magnet 5x5 Inch, Funny Gift, Made in USA",70,"Heavy duty magnetic decal for car, truck, SUV, fridge or any magnetic surface",SKIPPED_VALIDATION,prohibited chars in title: !,,ok,
4-EXCLUDED_RULE_VIOLATION,B0CZS8TNTJ,General Magnet,0,"generic family: design name auto-extracted, not from a keyword-validated template; design name trimmed to fit 75","Trump 2024 Donald Trump Republican Political Party 2024 Adhesive Decal Sticker, 5 Pack, 5.5x3.5 Inch, Heavy Duty Adhesio",Trump 2024 Donald Trump Republican Political Car Magnet 5.5x3.5 Inch 5 Pack,75,"Heavy duty magnetic decal for car, truck, SUV, fridge or any magnetic surface",SKIPPED_VALIDATION,word repeated \>2x: 5,,"Trump 2024 Donald Republican Political Stickers, 5.5 x 3.5 Inch 5 Pack","Heavy-duty decal for car, truck, SUV, fridge or any magnetic surface, made in USA"
4-EXCLUDED_RULE_VIOLATION,B0DQ2C76WC,General Magnet,0,"generic family: design name auto-extracted, not from a keyword-validated template","Magnet Me Up Where My Ho's at? Car Christmas Magnet, 5x4.5 Inch, Festive Holiday Car or Fridge Decoration, Funny Idea, C","Where My Ho's at? Car Christmas Car Magnet 5x4.5 Inch, Funny Gift, USA Made",75,"Heavy duty magnetic decal for car, truck, SUV, fridge or any magnetic surface",SKIPPED_VALIDATION,prohibited chars in title: ?,,"Where My Ho's at? Christmas Car Magnet 5x4.5 Inch, Funny Gift, USA Made","Heavy-duty magnetic decal for car, truck, SUV, fridge or any magnetic surface, made in USA"
4-EXCLUDED_RULE_VIOLATION,B076JJZ29Q,General Magnet,0,"generic family: design name auto-extracted, not from a keyword-validated template","Magnet Me Up Grim Reaper Boo! Oval Magnet Decal, 4x6 Inches, Heavy Duty Automotive Magnet for Car Truck SUV",Grim Reaper Boo! Oval Car Magnet 4x6 Inch,41,"Heavy duty magnetic decal for car, truck, SUV, fridge or any magnetic surface",SKIPPED_VALIDATION,prohibited chars in title: !,,,"Heavy-duty magnetic decal for car, truck, SUV, fridge or any magnetic surface, made in USA"
4-EXCLUDED_RULE_VIOLATION,B076R9WPV1,General Magnet,0,"generic family: design name auto-extracted, not from a keyword-validated template","Magnet Me Up Honk Again I'm Reloading! Magnet Decal, 3x8 Inches Heavy Duty Automotive Magnet for Car Truck SUV",Honk Again I'm Reloading! Car Magnet 3x8 Inch,45,"Heavy duty magnetic decal for car, truck, SUV, fridge or any magnetic surface",SKIPPED_VALIDATION,prohibited chars in title: !,,,"Heavy-duty magnetic decal for car, truck, SUV, fridge or any magnetic surface, made in USA"
4-EXCLUDED_RULE_VIOLATION,B076R6W15B,General Magnet,0,"generic family: design name auto-extracted, not from a keyword-validated template","Magnet Me Up Honk Again I Didn't Hear You! Magnet Decal, 3x8 Inches Heavy Duty Automotive Magnet for Car Truck SUV",Honk Again I Didn't Hear You! Car Magnet 3x8 Inch,49,"Heavy duty magnetic decal for car, truck, SUV, fridge or any magnetic surface",SKIPPED_VALIDATION,prohibited chars in title: !,,,"Heavy-duty magnetic decal for car, truck, SUV, fridge or any magnetic surface, made in USA"
4-EXCLUDED_RULE_VIOLATION,B076RDR2H4,General Magnet,0,"generic family: design name auto-extracted, not from a keyword-validated template","Magnet Me Up Honk Again Feel Better Now? Magnet Decal, 3x8 Inches Heavy Duty Automotive Magnet for Car Truck SUV",Honk Again Feel Better Now? Car Magnet 3x8 Inch,47,"Heavy duty magnetic decal for car, truck, SUV, fridge or any magnetic surface",SKIPPED_VALIDATION,prohibited chars in title: ?,,,"Heavy-duty magnetic decal for car, truck, SUV, fridge or any magnetic surface, made in USA"
4-EXCLUDED_RULE_VIOLATION,B076RC4THG,General Magnet,0,"generic family: design name auto-extracted, not from a keyword-validated template","Magnet Me Up Honk Again I Dare You! Magnet Decal, 3x8 Inches Heavy Duty Automotive Magnet for car Truck SUV",Honk Again I Dare You! Car Magnet 3x8 Inch,42,"Heavy duty magnetic decal for car, truck, SUV, fridge or any magnetic surface",SKIPPED_VALIDATION,prohibited chars in title: !,,,"Heavy-duty magnetic decal for car, truck, SUV, fridge or any magnetic surface, made in USA"
4-EXCLUDED_RULE_VIOLATION,B0FGFPKZPW,General Magnet,0,"generic family: design name auto-extracted, not from a keyword-validated template; no size detected in original title; some original keywords not carried over","Magnet Me Up Mont Saint?Michel Magnet - France Souvenir Magnet Decal 5? Round for Fridge, Office, Travel D cor - Full?Co","Mont Saint?Michel Magnet, Made in USA",37,"Heavy duty magnet, full color UV printed, made to order",SKIPPED_VALIDATION,prohibited chars in title: ?,,"Mont Saint- Michel 5"" Car Magnet, Made in USA","Heavy-duty magnetic decal for car, truck, SUV, fridge or any magnetic surface, souvenir gift"
4-EXCLUDED_RULE_VIOLATION,B07CZVYGQ7,General Magnet,0,"generic family: design name auto-extracted, not from a keyword-validated template","Magnet Me Up Vegan! All Natural Colors Oval Magnet Decal, 4x6 Inches, Heavy Duty Automotive Magnet for Car Truck SUV",Vegan! All Natural Colors Oval Car Magnet 4x6 Inch,50,"Heavy duty magnetic decal for car, truck, SUV, fridge or any magnetic surface",SKIPPED_VALIDATION,prohibited chars in title: !,,,"Heavy-duty magnetic decal for car, truck, SUV, fridge or any magnetic surface, made in USA"
4-EXCLUDED_RULE_VIOLATION,B09D8JN3WZ,General Magnet,0,"generic family: design name auto-extracted, not from a keyword-validated template","Magnet Me Up She Believed that She Could So She Did Oval Magnet Decal, 4x6 Inches, Heavy Duty Automotive Magnet for Car",She Believed that She Could So She Did Oval Car Magnet 4x6 Inch,63,"Heavy duty magnetic decal for car, truck, SUV, fridge or any magnetic surface",SKIPPED_VALIDATION,word repeated \>2x: she,,,"Heavy-duty magnetic decal for car, truck, SUV, fridge or any magnetic surface, made in USA"
4-EXCLUDED_RULE_VIOLATION,B07772V946,Dog/Paw,0,design name trimmed to fit 75,"Magnet Me Up Dog Grandma and Dog Grandpa Combo Pack Bone Magnet Decal, 2x7 Inches, 2 Pack, Heavy Duty Automotive Magnet","Dog Grandma and Dog Grandpa Car Magnet 2x7 Inch 2 Pack, Dog Lover Gift",70,"Heavy duty magnetic decal for car, truck, SUV or fridge, full color UV printed",SKIPPED_VALIDATION,word repeated \>2x: dog,,"Dog Grandma and Dog Grandpa Bone Car Magnet 2x7 Inch 2 Pack, Dog Lover Gift","Heavy-duty magnetic decal for car, truck, SUV, fridge or any magnetic surface, made in USA"
5-EXCLUDED_NO_SKU_MATCH,B0DNKLQXS4,Custom Vehicle,1891.79,no size detected in original title; some original keywords not carried over,"Magnet Me Up Custom Car Magnet – Personalized Die-Cut Magnetic Decal, Weatherproof UV-Printed, Strong Hold, Upload Image","Custom Die Cut Car Magnet, Upload Logo, Made in USA",51,"Personalized magnetic business sign for vehicles & trucks, add your text, weatherproof",NO_MATCH_IN_REPORT,,,ok,
5-EXCLUDED_NO_SKU_MATCH,B0DPR9FJVL,Photo Magnet,160.91,no size detected in original title; some original keywords not carried over,"Magnet Me Up Custom Pet Photo Magnet Decal, Customizable Die Cut Magnet for Your Fridge, Lockers, Upload a Photo of Your","Custom Photo Magnet, Add Photo & Text, Made in USA",50,"Personalized picture refrigerator magnet, full color UV printed durable vinyl, keepsake gift",NO_MATCH_IN_REPORT,,,"Custom Photo Magnet, Die-cut, Add Photo & Text, Made in USA",
5-EXCLUDED_NO_SKU_MATCH,B0DHDD8T65,General Magnet,41.97,"generic family: design name auto-extracted, not from a keyword-validated template; some original keywords not carried over","Magnet Me Up Custom Ribbon Magnet Decal, 7x3.5 Inches, Customizable Decal for Businesses, Personal Use, Choose Your Text","Custom Ribbon Locker Magnet 7x3.5 Inch, Made in USA",51,"Heavy duty magnet, full color UV printed, made to order",NO_MATCH_IN_REPORT,,,"Custom Ribbon Car Magnet 7x3.5 Inch, Made in USA","Heavy-duty magnet, full-color UV printed, made to order, add text"
5-EXCLUDED_NO_SKU_MATCH,B0CQ5XRC1S,General Magnet,39.96,"generic family: design name auto-extracted, not from a keyword-validated template; no size detected in original title","Magnet Me Up Customizable Advertising, Personal Use, Gifts, Choose Your Text, Font and Color, Upload Image (1 Pack, Bone",Customizable Advertising Magnet,31,"Heavy duty magnet, full color UV printed, made to order",NO_MATCH_IN_REPORT,,,"Customizable with Text Bone Magnet, 2x7 Inch","Heavy-duty magnet, full-color UV printed, made to order, crafted in USA"
5-EXCLUDED_NO_SKU_MATCH,B0DPRBRK9N,Photo Magnet,30.98,no size detected in original title,"Magnet Me Up Custom Pet Photo Magnet- Upload Your Cat or Dog Image- Personalized Die-Cut, Full-Color UV Printing, Durabl","Printing Keepsake Custom Photo Magnet, Add Photo & Text, Made in USA",68,"Personalized picture refrigerator magnet, full color UV printed durable vinyl, keepsake gift",NO_MATCH_IN_REPORT,,,"Custom Pet Die-cut Magnet, Add Photo & Text, Made in USA",
5-EXCLUDED_NO_SKU_MATCH,B0D4RBRHV1,General Magnet,29.57,"generic family: design name auto-extracted, not from a keyword-validated template; design name trimmed to fit 75","Ships Next Day Magnet Me Up Custom Printed Magnetic Name Tag Badge with Logo (Left), 1.5x3 inch, Full Color Customizable",Magnet Me Up Custom Printed Magnetic Name Tag Name Tag Badge 1.5x3 Inch,71,"Heavy duty magnet, full color UV printed, made to order",NO_MATCH_IN_REPORT,,,"Custom Printed Magnetic Name Tag Name 1.5x3 Inch, Logo Left","Personalized with company logo, name, and title, magnetic badge, made in USA"
5-EXCLUDED_NO_SKU_MATCH,B0CPT86SSN,General Magnet,11.99,"generic family: design name auto-extracted, not from a keyword-validated template","Magnet Me Up You've Been Ducked Cute Vehicle Duck Magnets, Ducking Game, 4 Pack, 4x4 Inch, Blue Yellow Pink Green, Heavy","You've Been Ducked Cute Vehicle Duck Car Magnet 4x4 Inch 4 Pack, Funny Gift",75,"Heavy duty magnetic decal for car, truck, SUV, fridge or any magnetic surface",NO_MATCH_IN_REPORT,,,,"Heavy-duty magnetic decal for car, truck, SUV, fridge or any magnetic surface, made in USA"
5-EXCLUDED_NO_SKU_MATCH,B09QLJX68D,General Magnet,0,"generic family: design name auto-extracted, not from a keyword-validated template","Magnet Me Up Periwinkle ESphageal and Stomach Cancer Ribbon Magnet Decal, 3.5x7 Inches Heavy Duty Automotive Magnet for",Periwinkle ESphageal and Stomach Cancer Ribbon Car Magnet 3.5x7 Inch,68,"Heavy duty magnetic decal for car, truck, SUV, fridge or any magnetic surface",NO_MATCH_IN_REPORT,,,"Support Esophageal and Stomach Cancer Awareness Ribbon Magnet, 3.5x7 Inch","Heavy-duty periwinkle magnetic decal for car, truck, SUV, fridge or any magnetic surface, made in USA"
5-EXCLUDED_NO_SKU_MATCH,B0H3M6PQ8F,General Magnet,0,"generic family: design name auto-extracted, not from a keyword-validated template","Magnet Me Up Kelly Green Gallbladder CRibbon Magnet Decal, 3.5x7 Inches Heavy Duty Automotive Magnet for Car Truck SUV",Kelly Green Gallbladder CRibbon Car Magnet 3.5x7 Inch,53,"Heavy duty magnetic decal for car, truck, SUV, fridge or any magnetic surface",NO_MATCH_IN_REPORT,,,"Kelly Green Gallbladder Ribbon Car Magnet 3.5x7 Inch, Cancer Awareness","Heavy-duty magnetic decal for car, truck, SUV, fridge or any magnetic surface, made in USA"
5-EXCLUDED_NO_SKU_MATCH,B0H34QRLXS,General Magnet,0,"generic family: design name auto-extracted, not from a keyword-validated template","Magnet Me Up All Cancer Ribbon Magnet Decal, 3.5x7 Inches Heavy Duty Automotive Magnet for Car Truck SUV",All Cancer Ribbon Car Magnet 3.5x7 Inch,39,"Heavy duty magnetic decal for car, truck, SUV, fridge or any magnetic surface",NO_MATCH_IN_REPORT,,,"All Cancer Ribbon Car Magnet 3.5x7 Inch, Awareness","Heavy-duty magnetic decal for car, truck, SUV, fridge or any magnetic surface, made in USA"
5-EXCLUDED_NO_SKU_MATCH,B076PQMFR9,General Magnet,0,"generic family: design name auto-extracted, not from a keyword-validated template","Magnet Me Up Grey Brain Cancer Ribbon Magnet Decal, 3.5x7 Inches Heavy Duty Automotive Magnet for Car Truck SUV",Grey Brain Cancer Ribbon Car Magnet 3.5x7 Inch,46,"Heavy duty magnetic decal for car, truck, SUV, fridge or any magnetic surface",NO_MATCH_IN_REPORT,,,"Grey Brain Cancer Ribbon Car Magnet 3.5x7 Inch, Awareness","Heavy-duty magnetic decal for car, truck, SUV, fridge or any magnetic surface, made in USA"
5-EXCLUDED_NO_SKU_MATCH,B076PR8DKP,General Magnet,0,"generic family: design name auto-extracted, not from a keyword-validated template",Magnet Me Up Green Liver Cancer Ribbon Magnet Decal. 3.5x7 Inches Heavy Duty Automotive Magnet for Car Truck SUV,Green Liver Cancer Ribbon Car Magnet 3.5x7 Inch,47,"Heavy duty magnetic decal for car, truck, SUV, fridge or any magnetic surface",NO_MATCH_IN_REPORT,,,Green Liver Cancer Awareness Ribbon Car Magnet 3.5x7 Inch,"Heavy-duty magnetic decal for car, truck, SUV, fridge or any magnetic surface, made in USA"
5-EXCLUDED_NO_SKU_MATCH,B076PQG9GL,General Magnet,0,"generic family: design name auto-extracted, not from a keyword-validated template","Magnet Me Up Lime Lymphoma Cancer Ribbon Magnet Decal, 3.5x7 inches Heavy Duty Automotive Magnet for CarTruck SUV",Lime Lymphoma Cancer Ribbon Car Magnet 3.5x7 Inch,49,"Heavy duty magnetic decal for car, truck, SUV, fridge or any magnetic surface",NO_MATCH_IN_REPORT,,,"Lime Lymphoma Cancer Awareness Ribbon Magnet Decal, 3.5x7 inches","Heavy-duty magnetic decal for car, truck, SUV, fridge or any magnetic surface, made in USA"
5-EXCLUDED_NO_SKU_MATCH,B076PPDB8R,General Magnet,0,"generic family: design name auto-extracted, not from a keyword-validated template","Magnet Me Up Orange Leukemia and Kidney Cancer Ribbon Mganet Decal, 3.5 x7 Inches Heavy Duty Automotive Maagnet",Orange Leukemia and Kidney Cancer Ribbon Mganet Car Magnet 3.5x7 Inch,69,"Heavy duty magnetic decal for car, truck, SUV, fridge or any magnetic surface",NO_MATCH_IN_REPORT,,,"Orange Leukemia and Kidney Cancer Awareness Ribbon Magnet, 3.5 x7 Inches","Heavy-duty magnetic decal for car, truck, SUV, fridge or any magnetic surface, made in USA"
5-EXCLUDED_NO_SKU_MATCH,B076PM1C6B,General Magnet,0,"generic family: design name auto-extracted, not from a keyword-validated template","Magnet Me Up Cervical and Ovarian Awareness Ribbon Magnet Decal, 3.5 Inches Heavy Duty Automotive Magnet for Car Truck S",Cervical and Ovarian Awareness Ribbon Car Magnet 3.5 Inch,57,"Heavy duty magnetic decal for car, truck, SUV, fridge or any magnetic surface",NO_MATCH_IN_REPORT,,,"Teal Cervical and Ovarian Awareness Ribbon Magnet Decal, 3.5 Inches","Heavy-duty magnetic decal for car, truck, SUV, fridge or any magnetic surface, made in USA"
5-EXCLUDED_NO_SKU_MATCH,B076PP4PFX,General Magnet,0,"generic family: design name auto-extracted, not from a keyword-validated template","Magnet Me Up Peach Uterine Awareness Ribbon Magnet Decal, 3.5x7 Inches Heavy Duty Automotive Mganet for Car Truck SUV",Peach Uterine Awareness Ribbon Car Magnet 3.5x7 Inch,52,"Heavy duty magnetic decal for car, truck, SUV, fridge or any magnetic surface",NO_MATCH_IN_REPORT,,,"Peach Uterine Awareness Ribbon Magnet Decal, 3.5x7 Inches","Heavy-duty magnetic decal for car, truck, SUV, fridge or any magnetic surface, made in USA"
5-EXCLUDED_NO_SKU_MATCH,B076PQHYJS,General Magnet,0,"generic family: design name auto-extracted, not from a keyword-validated template","Magnet Me Up Purple Prancreatic and Leiomyosarcoma Cancern Ribbon Magnet Decal, 3.5 x 7 Inches Heavy Duty Automotive Mag",Purple Prancreatic and Leiomyosarcoma Cancern Ribbon Car Magnet 3.5x7 Inch,74,"Heavy duty magnetic decal for car, truck, SUV, fridge or any magnetic surface",NO_MATCH_IN_REPORT,,,"Purple Pancreatic and Leiomyosarcoma Cancer Ribbon Magnet, 3.5x7 Inches","Heavy-duty magnetic decal for car, truck, SUV, fridge or any magnetic surface, awareness, made in USA"
5-EXCLUDED_NO_SKU_MATCH,B076PK14C1,General Magnet,0,"generic family: design name auto-extracted, not from a keyword-validated template","Magnet Me Up White Lung Cancer Ribbon Magnet Decal, 3.5 x 7 Inches Heavy Duty Automotive Magnet for Car Truck SUV",White Lung Cancer Ribbon Car Magnet 3.5x7 Inch,46,"Heavy duty magnetic decal for car, truck, SUV, fridge or any magnetic surface",NO_MATCH_IN_REPORT,,,"White Lung Cancer Awareness Ribbon Magnet Decal, 3.5 x 7 Inches","Heavy-duty magnetic decal for car, truck, SUV, fridge or any magnetic surface, made in USA"
5-EXCLUDED_NO_SKU_MATCH,B076PMH2TC,General Magnet,0,"generic family: design name auto-extracted, not from a keyword-validated template","Magnet Me Up Blue Colon Cancer Ribbon Magnet Decal, 3.5x7 Inches Heavy Duty Automotive Magnet for Car Truck SUV",Blue Colon Cancer Ribbon Car Magnet 3.5x7 Inch,46,"Heavy duty magnetic decal for car, truck, SUV, fridge or any magnetic surface",NO_MATCH_IN_REPORT,,,"Blue Colon Cancer Awareness Ribbon Magnet Decal, 3.5x7 Inches","Heavy-duty magnetic decal for car, truck, SUV, fridge or any magnetic surface, made in USA"
5-EXCLUDED_NO_SKU_MATCH,B0H2FHC7N3,General Magnet,0,"generic family: design name auto-extracted, not from a keyword-validated template; design name trimmed to fit 75","Magnet Me Up Support Hodgkins Lymphoma and Testicular Cancer Fighter Violet Ribbon Magnet Decal, 3.5x7 Inches, 2 Pack Cr",Hodgkins Lymphoma and Testicular Cancer Fighter Magnet 3.5x7 Inch 2 Pack,72,"Heavy duty magnet, full color UV printed, made to order",NO_MATCH_IN_REPORT,,,"Hodgkin's Lymphoma and Testicular Cancer Awareness Ribbon Magnet, 3.5""x7""","Heavy-duty magnetic decal for car, truck, SUV, fridge or any magnetic surface, violet made in USA"
5-EXCLUDED_NO_SKU_MATCH,B076PMFCP3,General Magnet,0,"generic family: design name auto-extracted, not from a keyword-validated template","Magnet Me Up Pink Breast Cancer Ribbon Magnet Decal, 3.5 x 7 Inches Heavy Duty Automotive Magnet for Car Truck SUV",Pink Breast Cancer Ribbon Car Magnet 3.5x7 Inch,47,"Heavy duty magnetic decal for car, truck, SUV, fridge or any magnetic surface",NO_MATCH_IN_REPORT,,,"Pink Breast Cancer Awareness Ribbon Car Magnet Decal, 3.5 x 7 Inches","Heavy-duty magnetic decal for car, truck, SUV, fridge or any magnetic surface, made in USA"
5-EXCLUDED_NO_SKU_MATCH,B076PVMW4K,General Magnet,0,"generic family: design name auto-extracted, not from a keyword-validated template","Magnet Me Up Black Melanoma Cancer Ribbon Magnet Decal, 3.5x7 Inches Heavy Duty Automotive Magnet for Car Truck SUV",Black Melanoma Cancer Ribbon Car Magnet 3.5x7 Inch,50,"Heavy duty magnetic decal for car, truck, SUV, fridge or any magnetic surface",NO_MATCH_IN_REPORT,,,"Black Melanoma Cancer Awareness Ribbon Magnet Decal, 3.5x7 Inches","Heavy-duty magnetic decal for car, truck, SUV, fridge or any magnetic surface, made in USA"
5-EXCLUDED_NO_SKU_MATCH,B076PP75D7,General Magnet,0,"generic family: design name auto-extracted, not from a keyword-validated template","Magnet Me Up Yellow Bladder Magnet Decal, 3.5 x 7 Inches Heavy Duty Automotive Magnet for Car Truck SUV",Yellow Bladder Car Magnet 3.5x7 Inch,36,"Heavy duty magnetic decal for car, truck, SUV, fridge or any magnetic surface",NO_MATCH_IN_REPORT,,,"Yellow Bladder Cancer Awareness Ribbon Magnet Decal, 3.5 x 7 Inches","Heavy-duty magnetic decal for car, truck, SUV, fridge or any magnetic surface, made in USA"
5-EXCLUDED_NO_SKU_MATCH,B076PPKHX9,General Magnet,0,"generic family: design name auto-extracted, not from a keyword-validated template","Magnet Me Up Aqua Prostate Cancer Ribbon Magnet Decal, 3.5x7 Inches Heavy Duty Automotive Magnet for Car Truck SUV",Aqua Prostate Cancer Ribbon Car Magnet 3.5x7 Inch,49,"Heavy duty magnetic decal for car, truck, SUV, fridge or any magnetic surface",NO_MATCH_IN_REPORT,,,"Aqua Prostate Cancer Awareness Ribbon Magnet Decal, 3.5x7 In","Heavy-duty magnetic decal for car, truck, SUV, fridge or any magnetic surface, made in USA"
5-EXCLUDED_NO_SKU_MATCH,B0G6GDGW17,General Magnet,0,"generic family: design name auto-extracted, not from a keyword-validated template; no size detected in original title; some original keywords not carried over","Magnet Me Up Funny Magnetic Decal for Cars, Trucks & SUV Full-Color UV Printed Accessories for Fridge & Locker","Funny Locker Magnet, Funny Gift",31,"Heavy duty magnet, full color UV printed, made to order",NO_MATCH_IN_REPORT,,,,
5-EXCLUDED_NO_SKU_MATCH,B0BMJHHM68,General Magnet,0,"generic family: design name auto-extracted, not from a keyword-validated template","Magnet Me Up Emoticon Magnet Decal, 5 Inch, Cute Decorative Self-Expression Magnet f",Emoticon Magnet 5 Inch,22,"Heavy duty magnet, full color UV printed, made to order",NO_MATCH_IN_REPORT,,,,
5-EXCLUDED_NO_SKU_MATCH,B0DSQ9S86T,General Magnet,0,"generic family: design name auto-extracted, not from a keyword-validated template; no size detected in original title","Magnet Me Up Custom Sports Magnetic Decal, Customizable Team Name, Bumper Magnet",Custom Sports Car Magnet,24,"Heavy duty magnetic decal for car, truck, SUV, fridge or any magnetic surface",NO_MATCH_IN_REPORT,,,,
5-EXCLUDED_NO_SKU_MATCH,B0CVSF79VC,Driver/Novelty,0,no size detected in original title,"Magnet Me Up New Driver Magnet Decal, Heavy Duty Automotive Magnet for Car Truck SUV","New Driver Car Magnet, Funny Student Driver",43,"Heavy duty magnetic decal for car or any magnetic surface, UV printed",NO_MATCH_IN_REPORT,,,,
5-EXCLUDED_NO_SKU_MATCH,B09QRN9PRH,General Magnet,0,"generic family: design name auto-extracted, not from a keyword-validated template","Magnet Me Up Burgundy and Ivory Head and Neck Cancer Ribbon Magnet Decal, 3.5x7 Inches Heavy Duty Automotive Magnet for",Burgundy and Ivory Head and Neck Cancer Ribbon Car Magnet 3.5x7 Inch,68,"Heavy duty magnetic decal for car, truck, SUV, fridge or any magnetic surface",NO_MATCH_IN_REPORT,,,"Head and Neck Cancer Fighter Ribbon Magnet Decal, 3.5x7 Inches","Automotive Magnet for Car Truck SUV, Gift of Empathy, Burgundy and Ivory, Made in USA"
5-EXCLUDED_NO_SKU_MATCH,B0D94RGB4Q,General Magnet,0,"generic family: design name auto-extracted, not from a keyword-validated template; no size detected in original title","Magnet Me Up Customizable Magnet Pack, Oval or Round, Advertising, Personal Use, Gifts, Choose Your Text",Customizable Magnet,19,"Heavy duty magnet, full color UV printed, made to order",NO_MATCH_IN_REPORT,,,,
5-EXCLUDED_NO_SKU_MATCH,B0DM2MWYMQ,General Magnet,0,"generic family: design name auto-extracted, not from a keyword-validated template","Magnet Me Up Custom Photo Refrigerator Magnet Decal with Text Option, Upload Your Family Photo and Memories (4x5 Hanukka",Custom Photo Fridge Magnet 4x5 Inch,35,"Heavy duty magnet, full color UV printed, made to order",NO_MATCH_IN_REPORT,,,Custom 4x5 Inch Hanukkah Photo Refrigerator Magnet with Text Option,"Personalized magnetic decal, full color, made to order, crafted in USA"
5-EXCLUDED_NO_SKU_MATCH,B0DPMPV47F,General Magnet,0,"generic family: design name auto-extracted, not from a keyword-validated template","Magnet Me Up Custom Photo Refrigerator Magnet Decal with Text Option, Upload Your Family Photo (1 Pack, 5x7 Christmas- R",Custom Photo Fridge Magnet 5x7 Inch,35,"Heavy duty magnet, full color UV printed, made to order",NO_MATCH_IN_REPORT,,,"Custom Christmas Red Photo Frame Refrigerator Magnet, Photo and text, 5""x7""","Personalized magnetic decal, full color, made to order, crafted in USA"
5-EXCLUDED_NO_SKU_MATCH,B0DJSDD6GJ,Photo Magnet,0,no size detected in original title; some original keywords not carried over,"Magnet Me Up Custom Halloween Photo Magnetic Decal, Witch Cauldron and Candle Holder, Spooky Halloween Magnet for Party,","Custom Halloween Photo Magnet, Witch, Add Photo & Text, Made in USA",67,"Personalized picture refrigerator magnet, full color UV printed durable vinyl, keepsake gift",NO_MATCH_IN_REPORT,,,"Custom Halloween Photo Magnet, 4x5 Inch Yellow Photo Frame, Photo and Text","Personalized magnetic decal, full color, made to order, crafted in USA"
5-EXCLUDED_NO_SKU_MATCH,B0DJSM2TPP,Photo Magnet,0,no size detected in original title; some original keywords not carried over,"Magnet Me Up Custom Halloween Photo Magnet Decal, Pumpkin, and Gravestone, Spooky Halloween for Party, Fridge, Locker, O","Custom Halloween Photo Magnet, Pumpkin, Add Photo & Text, Made in USA",69,"Personalized picture refrigerator magnet, full color UV printed durable vinyl, keepsake gift",NO_MATCH_IN_REPORT,,,"Custom Halloween Photo Magnet, 4x5 Inch Purple Photo Frame, Photo and Text","Personalized magnetic decal, full color, made to order, crafted in USA"
5-EXCLUDED_NO_SKU_MATCH,B0DG3WT5YQ,General Magnet,0,"generic family: design name auto-extracted, not from a keyword-validated template; some original keywords not carried over","Magnet Me Up Rosh Hashanah Custom Magnet Decal, Personalized Photo Frame, 5x7 inch Rectangle, Magnetic Picture Frames fo","Rosh Hashanah Custom Magnet 5x7 Inch, Made in USA",49,"Heavy duty magnet, full color UV printed, made to order",NO_MATCH_IN_REPORT,,,"Rosh Hashanah Photo Frame Custom Magnet, 5x7 inch, Upload Photo","Personalized magnetic decal, full color, made to order, crafted in USA"
5-EXCLUDED_NO_SKU_MATCH,B0CZPGCK4C,General Magnet,0,"generic family: design name auto-extracted, not from a keyword-validated template","Magnet Me Up Custom 4x6 Inch Rectangle Photo Refrigerator Customizable Magnet Decal with Text Option, 5 Pack, Upload Fam",Custom Rectangle Photo Refrigerator Customizable Magnet 4x6 Inch 5 Pack,71,"Heavy duty magnet, full color UV printed, made to order",NO_MATCH_IN_REPORT,,,"Custom 4x6 Inch Rectangle Photo Refrigerator Magnet, 5 Pack, Photo & Text","Personalized magnetic decal, full color, made to order, crafted in USA"
5-EXCLUDED_NO_SKU_MATCH,B0BMH1NVKL,General Magnet,0,"generic family: design name auto-extracted, not from a keyword-validated template","Magnet Me Up Desantis 2024 Republican Party Magnet Decal, 4x6 Inch, Heavy Duty Automotive Magnet for Car Truck SUV Or An",Desantis 2024 Republican Party Car Magnet 4x6 Inch,50,"Heavy duty magnetic decal for car, truck, SUV, fridge or any magnetic surface",NO_MATCH_IN_REPORT,,,"DeSantis 2024 Republican Party Election Magnet Decal, 4x6 Inch","Heavy duty magnetic decal for car, truck, SUV, fridge or any magnetic surface, made in USA"
5-EXCLUDED_NO_SKU_MATCH,B0BKH6NVX8,General Magnet,0,"generic family: design name auto-extracted, not from a keyword-validated template; no size detected in original title","Magnet Me Up Poop Emoticon Magnet Decal, Cute Self-Expression Decorative Magnet for Car, Truck, SUV, Or Any Other Magnet",Poop Emoticon Car Magnet,24,"Heavy duty magnetic decal for car, truck, SUV, fridge or any magnetic surface",NO_MATCH_IN_REPORT,,,"Poop Emoticon Car Magnet, 5 Inch","Heavy duty magnetic decal for car, truck, SUV, fridge or any magnetic surface, made in USA"
5-EXCLUDED_NO_SKU_MATCH,B0CPT93RWN,General Magnet,0,"generic family: design name auto-extracted, not from a keyword-validated template","Magnet Me Up You've Been Ducked Cute Vehicle Duck Magnets, Ducking Game, 4 Pk, 4x4 in, Army Tie Dye Leopard Zebra, Heavy",Army Tie You've Been Ducked Cute Vehicle Duck Car Magnet 4x4 Inch 4 Pack,72,"Heavy duty magnetic decal for car, truck, SUV, fridge or any magnetic surface",NO_MATCH_IN_REPORT,,,"You've Been Ducked Cute Vehicle Duck Magnets, Ducking Game, 4 Pk, 4x4 in","Heavy duty magnetic decal for car, truck, SUV, fridge or any magnetic surface, made in USA"
5-EXCLUDED_NO_SKU_MATCH,B0DRZ386C1,General Magnet,0,"generic family: design name auto-extracted, not from a keyword-validated template","Magnet Me Up Customizable American Sign Language Fridge Magnet, 8x5 Inches, Blue, Add Logo, Custom ASL Educational and D","Customizable American Fridge Magnet 8x5 Inch, Made in USA",57,"Heavy duty magnet, full color UV printed, made to order",NO_MATCH_IN_REPORT,,,"Customizable American Sign Language Fridge Magnet, 8x5 Inches, Add Logo","Personalized magnetic decal, full color, made to order, Blue, crafted in USA"
5-EXCLUDED_NO_SKU_MATCH,B0G357LQZY,Custom Vehicle,0,no size detected in original title,Custom Car Magnet Signs – 30 Mil Magnetic Vehicle Signs – Upload Your Logo & Text – Weatherproof Business Magnets for Ca,"Custom Car Magnet 30 Mil, Upload Logo, Made in USA",50,"Personalized magnetic business sign for vehicles & trucks, add your text, weatherproof",NO_MATCH_IN_REPORT,,,,
5-EXCLUDED_NO_SKU_MATCH,B09QRXXJ26,General Magnet,0,"generic family: design name auto-extracted, not from a keyword-validated template","Magnet Me Up Zebra Carcinoid Cancer Ribbon Magnet Decal, 3.5x7 Inches Heavy Duty Automotive Magnet for Car Truck SUV",Zebra Carcinoid Cancer Ribbon Car Magnet 3.5x7 Inch,51,"Heavy duty magnetic decal for car, truck, SUV, fridge or any magnetic surface",NO_MATCH_IN_REPORT,,,"Zebra Carcinoid Cancer Awareness Ribbon Magnet Decal, 3.5x7 Inches","Heavy duty magnetic decal for car, truck, SUV, fridge or any magnetic surface, made in USA"
5-EXCLUDED_NO_SKU_MATCH,B0G6GDCNL5,General Magnet,0,"generic family: design name auto-extracted, not from a keyword-validated template; no size detected in original title","Magnet Me Up Funny Car Magnet, Magnetic Decal for Cars, Trucks & SUV- Humor Sign for Cars, Magnet Accessories, Made in T","Funny Car Magnet, Funny Gift, Made in USA",41,"Heavy duty magnetic decal for car, truck, SUV, fridge or any magnetic surface",NO_MATCH_IN_REPORT,,,,
5-EXCLUDED_NO_SKU_MATCH,B0DSGK7WQ2,General Magnet,0,"generic family: design name auto-extracted, not from a keyword-validated template","Magnet Me Up Custom 10x3 Inch Rectangle Magnet, 250 Pack, Customizable for Businesses, Personal Use, Choose Your Text, U","Custom Rectangle Car Magnet 10x3 Inch 250 Pack, Made in USA",59,"Heavy duty magnetic decal for car, truck, SUV, fridge or any magnetic surface",NO_MATCH_IN_REPORT,,,"Custom Rectangle Car Magnet 10x3 Inch 250 Pack, Image and Text","Personalized magnetic decal, full color, made to order, crafted in USA"
5-EXCLUDED_NO_SKU_MATCH,B0DSGKTJ7V,General Magnet,0,"generic family: design name auto-extracted, not from a keyword-validated template","Magnet Me Up Custom 10x3 Inch Rectangle Magnet, 50 Pack, Customizable for Businesses, Personal Use, Choose Your Text, Up","Custom Rectangle Car Magnet 10x3 Inch 50 Pack, Made in USA",58,"Heavy duty magnetic decal for car, truck, SUV, fridge or any magnetic surface",NO_MATCH_IN_REPORT,,,"Custom Rectangle Car Magnet 10x3 Inch 50 Pack, Image and Text","Personalized magnetic decal, full color, made to order, crafted in USA"
5-EXCLUDED_NO_SKU_MATCH,B0CZM4L5T3,General Magnet,0,"generic family: design name auto-extracted, not from a keyword-validated template","Magnet Me Up Custom 10x3 Inch Rectangle Magnet, 5 Pack, Customizable for Businesses, Personal Use, Choose Your Text, Upl","Custom Rectangle Car Magnet 10x3 Inch 5 Pack, Made in USA",57,"Heavy duty magnetic decal for car, truck, SUV, fridge or any magnetic surface",NO_MATCH_IN_REPORT,,,"Custom Rectangle Car Magnet 10x3 Inch 5 Pack, Image and Text","Personalized magnetic decal, full color, made to order, crafted in USA"
5-EXCLUDED_NO_SKU_MATCH,B0CZLZCJ85,General Magnet,0,"generic family: design name auto-extracted, not from a keyword-validated template","Magnet Me Up Custom 8x3 Inch Rectangle Magnet, 5 Pack, Customizable for Businesses, Personal Use, Choose Your Text, Uplo","Custom Rectangle Car Magnet 8x3 Inch 5 Pack, Made in USA",56,"Heavy duty magnetic decal for car, truck, SUV, fridge or any magnetic surface",NO_MATCH_IN_REPORT,,,"Custom Rectangle Car Magnet 8x3 Inch 5 Pack, Image and Text","Personalized magnetic decal, full color, made to order, crafted in USA"
5-EXCLUDED_NO_SKU_MATCH,B0GTJNSCGZ,General Magnet,0,"generic family: design name auto-extracted, not from a keyword-validated template; no size detected in original title; some original keywords not carried over","Custom Die Cut Sticker Personalized - Full Color UV Printed Vinyl Sticker Decal for Logo, Image, Text, Shape and Size, W","Custom Die Cut Sticker Personalized Car Magnet, Made in USA",59,"Heavy duty magnetic decal for car, truck, SUV, fridge or any magnetic surface",NO_MATCH_IN_REPORT,,,"Custom Die-Cut Adhesive Sticker, Upload Logo, Made in USA","Heavy-duty bumper stickers, full color"
5-EXCLUDED_NO_SKU_MATCH,B0DJWKNTB8,Custom Vehicle,0,no size detected in original title,"Magnet Me Up Custom Die Cut Car Magnet, Personalized Shape and Design, Business Logos, Events, Personal Use, Multiple Si","Shape Design Custom Die Cut Car Magnet, Upload Logo, Made in USA",64,"Personalized magnetic business sign for vehicles & trucks, add your text, weatherproof",NO_MATCH_IN_REPORT,,,"Custom Die Cut Car Magnet, Personalized Shape and Design","Heavy duty magnetic decal for car, truck, SUV, fridge or any magnetic surface, made in USA"
5-EXCLUDED_NO_SKU_MATCH,B0DNTXHVMB,General Magnet,0,"generic family: design name auto-extracted, not from a keyword-validated template","Magnet Me Up Custom Luggage Tags, 3x5 inch, 2 PK, Personalized Tags for Bags, Suitcase, Customizable with Your Name, Des","Custom Luggage Tags Luggage Tag 3x5 Inch 2 Pack, Made in USA",60,"Heavy duty magnet, full color UV printed, made to order",NO_MATCH_IN_REPORT,,,"Custom Luggage Tags for Travel Bags, Suitcase, 3x5 inch, 2 Pack","Personalized with name and logo, full color, made to order, travel gift, crafted in USA"
