# MagnetMeUp main images — shop-grid order, page 1 (38 of 1,660 listings)
# index	listing_id	main_image_url
1	1712420779	https://i.etsystatic.com/11307494/r/il/c137b2/5909250292/il_340x270.5909250292_i7fs.jpg
2	1704619607	https://i.etsystatic.com/11307494/r/il/196f28/5878200688/il_340x270.5878200688_4s5y.jpg
3	4304355724	https://i.etsystatic.com/11307494/r/il/f8f71d/6907279751/il_340x270.6907279751_gafd.jpg
4	4302608098	https://i.etsystatic.com/11307494/r/il/b82d7b/6896034897/il_340x270.6896034897_kql7.jpg
5	4302612271	https://i.etsystatic.com/11307494/r/il/cf2c71/6896015897/il_340x270.6896015897_d0mz.jpg
6	4302645815	https://i.etsystatic.com/11307494/r/il/742e46/6848207810/il_340x270.6848207810_6b49.jpg
7	4298404187	https://i.etsystatic.com/11307494/r/il/50b27b/6874939099/il_340x270.6874939099_6300.jpg
8	4298412757	https://i.etsystatic.com/11307494/r/il/151a0d/6826997802/il_340x270.6826997802_ebwb.jpg
9	4298408891	https://i.etsystatic.com/11307494/r/il/38c8b0/6826982634/il_340x270.6826982634_swtj.jpg
10	4298397528	https://i.etsystatic.com/11307494/r/il/d8de4b/6874925199/il_340x270.6874925199_fqy8.jpg
11	4298394489	https://i.etsystatic.com/11307494/r/il/e59fa6/6826924912/il_340x270.6826924912_jn5v.jpg
12	1905089263	https://i.etsystatic.com/11307494/r/il/39a927/6801552438/il_340x270.6801552438_bkbq.jpg
13	1905082545	https://i.etsystatic.com/11307494/r/il/1f9ede/6849522777/il_340x270.6849522777_rvfj.jpg
14	1890426588	https://i.etsystatic.com/11307494/r/il/c53c75/6847108903/il_340x270.6847108903_ozyv.jpg
15	1890394216	https://i.etsystatic.com/11307494/r/il/42edb3/6846949313/il_340x270.6846949313_mtpb.jpg
16	1904568539	https://i.etsystatic.com/11307494/r/il/09331f/6846921831/il_340x270.6846921831_8skv.jpg
17	1890383318	https://i.etsystatic.com/11307494/r/il/10a8c0/6798891892/il_340x270.6798891892_p8lo.jpg
18	1904510529	https://i.etsystatic.com/11307494/r/il/5318dc/6798617684/il_340x270.6798617684_ho3u.jpg
19	1890326064	https://i.etsystatic.com/11307494/r/il/a69b98/6846599471/il_340x270.6846599471_dpt5.jpg
20	1904496361	https://i.etsystatic.com/11307494/r/il/b18d98/6846551913/il_340x270.6846551913_j64u.jpg
21	1890315116	https://i.etsystatic.com/11307494/r/il/e6c738/6798543490/il_340x270.6798543490_3l3o.jpg
22	1888859630	https://i.etsystatic.com/11307494/r/il/6ab242/6839399519/il_340x270.6839399519_5w2y.jpg
23	1888851442	https://i.etsystatic.com/11307494/r/il/c2f804/6839359059/il_340x270.6839359059_ctpd.jpg
24	1902964693	https://i.etsystatic.com/11307494/r/il/729834/6839028665/il_340x270.6839028665_5y1y.jpg
25	1902959983	https://i.etsystatic.com/11307494/r/il/159498/6791233236/il_340x270.6791233236_mcy1.jpg
26	1888776988	https://i.etsystatic.com/11307494/r/il/23e17e/6838991485/il_340x270.6838991485_7346.jpg
27	1888770080	https://i.etsystatic.com/11307494/r/il/51ce2e/6838961671/il_340x270.6838961671_7xi0.jpg
28	1888764492	https://i.etsystatic.com/11307494/r/il/796b78/6790927262/il_340x270.6790927262_l6wu.jpg
29	1902942193	https://i.etsystatic.com/11307494/r/il/58ff32/6838919771/il_340x270.6838919771_glaa.jpg
30	1901717889	https://i.etsystatic.com/11307494/r/il/d40361/6784718648/il_340x270.6784718648_pthz.jpg
31	1884228462	https://i.etsystatic.com/11307494/r/il/ff7790/6816091059/il_340x270.6816091059_bbyn.jpg
32	1898369105	https://i.etsystatic.com/11307494/r/il/6c3253/6767861330/il_340x270.6767861330_ra3j.jpg
33	1897464691	https://i.etsystatic.com/11307494/r/il/d72249/6811343005/il_340x270.6811343005_c0ds.jpg
34	1882792372	https://i.etsystatic.com/11307494/r/il/ad94fa/6808958621/il_340x270.6808958621_hqbw.jpg
35	1896898663	https://i.etsystatic.com/11307494/r/il/31a7e1/6760621778/il_340x270.6760621778_j8u9.jpg
36	1882691322	https://i.etsystatic.com/11307494/r/il/cc947a/6760498910/il_340x270.6760498910_7bia.jpg
37	1896858179	https://i.etsystatic.com/11307494/r/il/f668e8/6760435430/il_340x270.6760435430_k8fs.jpg
38	1896849983	https://i.etsystatic.com/11307494/r/il/46ab36/6760420262/il_340x270.6760420262_miqu.jpg
