index,listing_id,title,true_w,true_h,aspect,megapixels,bbox_fill,square_crop_kept,saturation,edge_density,margin_top,margin_right,margin_bottom,margin_left,bg_rgb
1,1712420779,"It's The Journey Not The Destination — Customizable Anchor 6.5x8",2000,2000,1.0,4.0,0.808,1.0,0.144,5.5,0.028,0.084,0.0,0.084,"255;255;255"
2,1704619607,"Customizable 4x6 Oval Magnet Pack, 25 Piece",2000,2000,1.0,4.0,0.718,1.0,0.093,6.0,0.125,0.054,0.095,0.026,"255;255;255"
3,4304355724,"Caution New Driver — Embarrassed by Over Protective Parents, 5in round",2000,2000,1.0,4.0,1.0,1.0,0.409,7.8,0.0,0.0,0.0,0.0,"89;105;120"
4,4302608098,"Bone Cancer Survivor — Yellow Ribbon 3.5x7",500,500,1.0,0.25,0.481,1.0,0.148,1.6,0.026,0.214,0.016,0.284,"255;255;255"
5,4302612271,"Bone Cancer Fighter — Yellow Ribbon 3.5x7",500,500,1.0,0.25,0.477,1.0,0.148,1.7,0.026,0.214,0.016,0.288,"255;255;255"
6,4302645815,"Please Be Patient I'm Only 8 Years Old — 3x8 bumper",500,500,1.0,0.25,0.319,1.0,0.195,3.8,0.305,0.046,0.344,0.046,"255;255;255"
7,4298404187,"Skin Cancer Awareness — Let's Fight Against It, orange ribbon 3.5x7",2000,2000,1.0,4.0,0.46,1.0,0.115,1.5,0.023,0.258,0.026,0.258,"255;255;255"
8,4298412757,"Mental Health Awareness — Green Ribbon Heart 3.5x7",500,500,1.0,0.25,0.458,1.0,0.126,1.8,0.03,0.261,0.021,0.256,"255;255;255"
9,4298408891,"Not All Wounds are Visible — Mental Health green ribbon 3.5x7",500,500,1.0,0.25,0.415,1.0,0.1,1.8,0.042,0.267,0.058,0.272,"255;255;255"
10,4298397528,"It's Okay Not to be Okay — Mental Health 3.5x7",500,500,1.0,0.25,0.416,1.0,0.076,2.2,0.042,0.267,0.056,0.272,"255;255;255"
11,4298394489,"Bone Cancer Awareness — Yellow Ribbon 3.5x7",2000,2000,1.0,4.0,0.457,1.0,0.141,1.4,0.03,0.261,0.023,0.256,"255;255;255"
12,1905089263,"Caution Teen Driver Please Be Patient — 5in purple",1667,1668,0.999,2.78,0.924,1.0,0.156,6.1,0.018,0.021,0.019,0.019,"255;255;255"
13,1905082545,"Caution Teen Driver Please Be Patient — 5in yellow",1667,1668,0.999,2.78,0.924,1.0,0.187,6.3,0.018,0.021,0.019,0.019,"255;255;255"
14,1890426588,"You've Been Bucked Bronco 4x3.4, 4-Pack",2000,2000,1.0,4.0,1.0,1.0,0.211,12.7,0.0,0.0,0.0,0.0,"255;255;255"
15,1890394216,"Hands Off Protest 4x5",2000,2000,1.0,4.0,0.802,1.0,0.253,5.1,0.107,0.011,0.074,0.011,"255;255;255"
16,1904568539,"Hands Off Social Security — 4x6 oval",2000,2000,1.0,4.0,0.691,1.0,0.106,4.7,0.17,0.0,0.139,0.0,"255;255;255"
17,1890383318,"Hands Off Protest — 4x6 oval",2000,2000,1.0,4.0,0.691,1.0,0.051,4.6,0.17,0.0,0.139,0.0,"255;255;255"
18,1904510529,"Shut Up Elon — 4x6 oval",2000,2000,1.0,4.0,0.688,1.0,0.093,3.4,0.172,0.0,0.14,0.0,"255;255;255"
19,1890326064,"I Bought This Before Elon Went Crazy — 5in black",2000,2000,1.0,4.0,0.832,1.0,0.0,5.1,0.053,0.046,0.032,0.046,"255;255;255"
20,1904496361,"Even My Dog Hates Elon — 4.5x5",2000,2000,1.0,4.0,0.781,1.0,0.235,7.2,0.026,0.084,0.0,0.114,"255;255;255"
21,1890315116,"Even My Cat Hates Elon",2000,2000,1.0,4.0,0.789,1.0,0.177,7.2,0.026,0.1,0.0,0.089,"255;255;255"
22,1888859630,"Personalized Softball Decal — 5in",2000,2000,1.0,4.0,0.822,1.0,0.386,4.9,0.084,0.018,0.072,0.009,"255;255;255"
23,1888851442,"No Elon Face — 5in round",2000,2000,1.0,4.0,0.986,1.0,0.291,4.5,0.014,0.0,0.0,0.0,"255;255;255"
24,1902964693,"Foxtrot Delta Tango 5x4 — Resist Persist Prevail",2000,2000,1.0,4.0,0.821,1.0,0.172,5.4,0.105,0.0,0.074,0.0,"255;255;255"
25,1902959983,"Resist Foxtrot Delta Tango 5x4 — bear graphic",2000,2000,1.0,4.0,0.771,1.0,0.268,5.2,0.021,0.104,0.0,0.109,"255;255;255"
26,1888776988,"We are Not Okay 5x5 — distressed flag",2000,2000,1.0,4.0,0.796,1.0,0.151,6.3,0.07,0.053,0.039,0.054,"255;255;255"
27,1888770080,"FDT Foxtrot Delta Tango — Not My President, 5in round",2000,2000,1.0,4.0,0.972,1.0,0.083,4.2,0.018,0.009,0.0,0.002,"255;255;255"
28,1888764492,"5in Round Foxtrot Delta Tango — bear graphic",2000,2000,1.0,4.0,0.97,1.0,0.291,5.1,0.021,0.005,0.0,0.004,"255;255;255"
29,1902942193,"We are Not Okay 5x5 — distressed flag (variant)",2000,2000,1.0,4.0,0.957,1.0,0.227,8.4,0.028,0.012,0.0,0.004,"255;255;255"
30,1901717889,"Hands Off Social Security — 5in round",2000,2000,1.0,4.0,0.97,1.0,0.16,5.7,0.021,0.004,0.0,0.005,"255;255;255"
31,1884228462,"Mandarin Greetings — 5x5, 4-Pack",2000,2000,1.0,4.0,0.95,1.0,0.165,8.2,0.002,0.028,0.019,0.002,"255;255;255"
32,1898369105,"Italian Phrases — 5x5, 4-Pack",2000,2000,1.0,4.0,0.943,1.0,0.116,7.9,0.019,0.018,0.0,0.021,"255;255;255"
33,1897464691,"I Love My Cat or Dog Personalized Photo — 4x6",500,500,1.0,0.25,0.989,1.0,0.088,6.2,0.011,0.0,0.0,0.0,"255;255;255"
34,1882792372,"Bronco You've Been Bucked — Pink Unicorn 5x5",2000,2000,1.0,4.0,0.869,1.0,0.162,7.4,0.004,0.065,0.0,0.063,"255;255;255"
35,1896898663,"You've Been Bucked Bronco 5in Red",500,500,1.0,0.25,0.877,1.0,0.245,5.9,0.018,0.046,0.018,0.046,"255;255;255"
36,1882691322,"You've Been Bucked Bronco 5in Green",2000,2000,1.0,4.0,0.958,1.0,0.213,7.7,0.007,0.011,0.0,0.025,"255;255;255"
37,1896858179,"You've Been Bucked Bronco 5in Blue",2000,2000,1.0,4.0,0.934,1.0,0.157,7.5,0.018,0.025,0.0,0.025,"255;255;255"
38,1896849983,"Unicorn Magnet — 4.5x5 emoticon",2000,2000,1.0,4.0,0.844,1.0,0.073,2.3,0.025,0.077,0.0,0.058,"255;255;255"
